ACTION,Brand,ASIN,FNSKU,Article Name,Total Lead Time in days,based on forecast,based on Avg Sales,Sales Trend,Dev. To FC,7d vs 30d,basedonforecast.2,basedonAvgSales.2,Total Stock,FBA Stock,FBA Pending,3PL Stock,PO in Place,CW 13,CW 14,CW 15,CW 16,CW 17,CW 18,CW 19,CW 20,CW 21,CW 22,CW 23,CW 24,CW 25,CW 26,CW 27,CW 28,CW 29,CW 30,CW 31,CW 32,CW 33,CW 34,CW 35,CW 36,CW 37,CW 38,CW 39,CW 40,CW 41,CW 42,CW 43,CW 44,CW 45,CW 46,CW 47,CW 48,CW 49,CW 50,CW 51,CW 52,CW 53,CW 13.1,CW 14.1,CW 15.1,CW 16.1,CW 17.1,CW 18.1,CW 19.1,CW 20.1,CW 21.1,CW 22.1,CW 23.1,CW 24.1,CW 25.1,CW 26.1,CW 27.1,CW 28.1,CW 29.1,CW 30.1,CW 31.1,CW 32.1,CW 33.1,CW 34.1,CW 35.1,CW 36.1,CW 37.1,CW 38.1,CW 39.1,CW 40.1,CW 41.1,CW 42.1,CW 43.1,CW 44.1,CW 45.1,CW 46.1,CW 47.1,CW 48.1,CW 49.1,CW 50.1,CW 51.1,CW 52.1,CW 53.1,CW 13.2,CW 14.2,CW 15.2,CW 16.2,CW 17.2,CW 18.2,CW 19.2,CW 20.2,CW 21.2,CW 22.2,CW 23.2,CW 24.2,CW 25.2,CW 26.2,CW 27.2,CW 28.2,CW 29.2,CW 30.2,CW 31.2,CW 32.2,CW 33.2,CW 34.2,CW 35.2,CW 36.2,CW 37.2,CW 38.2,CW 39.2,CW 40.2,CW 41.2,CW 42.2,CW 43.2,CW 44.2,CW 45.2,CW 46.2,CW 47.2,CW 48.2,CW 49.2,CW 50.2,CW 51.2,CW 52.2,CW 13.3,CW 14.3,CW 15.3,CW 16.3,CW 17.3,CW 18.3,CW 19.3,CW 20.3,CW 21.3,CW 22.3,CW 23.3,CW 24.3,CW 25.3,CW 26.3,CW 27.3,CW 28.3,CW 29.3,CW 30.3,CW 31.3,CW 32.3,CW 33.3,CW 34.3,CW 35.3,CW 36.3,CW 37.3,CW 38.3,CW 39.3,CW 40.3,CW 41.3,CW 42.3,CW 43.3,CW 44.3,CW 45.3,CW 46.3,CW 47.3,CW 48.3,CW 49.3,CW 50.3,CW 51.3,CW 52.3,avg. Daily sales (90 days),avg. Daily sales (30 days),avg. Daily sales (7 days),avg. Daily sales (max)
URGENT REORDER,Atacama,B01N27SMIL,Same As ASIN,"Hydration Backpack, Running Backpack, Bicycle Backpack Optionally with Hydration Bladder 2 Litres",135,11,30.8028,87,-0.415431811,-1,15,13,96,27,91,63,92,69,56,70,90,15,87,39,37,71,93,17,69,60,25,62,54,9,58,52,100,81,4,65,5,83,26,46,46,98,52,11,7,56,93,93,24,19,82,32,45,-0.2333,-2.5669,-5.1338,-7.7007,-10.2676,-12.8345,-15.4014,-17.9683,-20.5352,-23.1021,-25.669,-28.2359,-30.8028,-33.3697,-35.9366,-38.5035,-41.0704,-43.6373,-46.2042,-48.7711,-51.338,-53.9049,-56.4718,-59.0387,-61.6056,-64.1725,-66.7394,-69.3063,-71.8732,-74.4401,-77.007,-79.5739,-82.1408,-84.7077,-87.2746,-89.8415,-92.4084,-94.9753,-97.5422,-100.1091,-102.676,-105.2429,70,99,18,79,37,89,34,18,1,5,9,46,49,79,58,37,2,93,4,69,18,18,10,29,13,35,52,47,27,15,23,61,36,92,68,36,18,6,95,42,63,31,52,84,90,70,49,73,34,55,56,11,51,79,80,21,69,16,10,2,29,64,28,75,41,41,18,62,34,74,48,97,74,33,9,4,46,62,10,61,0.2333,0.3667,76,0.3667
URGENT REORDER,Lilienfeldt,B08V1WWZ5N,Same As ASIN,"Compact Back Creamer With extra-long premium wooden handle (Fixed Pad) Cream/care aid, Back Creamer",100,87,450.8028,74,-0.419165856,-1,28,13,16,84,1,59,43,47,91,48,87,93,38,2,79,94,42,30,59,72,62,13,-165,-357.5,-563.75,-797.5,-1045,-1292.5,-1526.25,-1746.25,-1966.25,-2186.25,-2406.25,-2598.75,-2763.75,-2901.25,-3038.75,-3203.75,-3355,-3492.5,-3643.75,-3808.75,-4015,-4235,-4455,-4661.25,-4867.5,-4871.0333,-37.5669,-75.1338,-112.7007,-150.2676,-187.8345,-225.4014,-262.9683,-300.5352,-338.1021,-375.669,-413.2359,-450.8028,-488.3697,-525.9366,-563.5035,-601.0704,-638.6373,-676.2042,-713.7711,-751.338,-788.9049,-826.4718,-864.0387,-901.6056,-939.1725,-976.7394,-1014.3063,-1051.8732,-1089.4401,-1127.007,-1164.5739,-1202.1408,-1239.7077,-1277.2746,-1314.8415,-1352.4084,-1389.9753,-1427.5422,-1465.1091,-1502.676,-1540.2429,62,49,54,15,9,60,66,18,75,98,79,37,52,16,24,32,100,66,56,17,26,56,47,13,4,9,22,1,47,61,10,62,17,54,4,90,90,7,94,33,4,19,94,26,16,14,92,93,72,21,13,19,49,66,75,165,192.5,206.25,233.75,247.5,247.5,233.75,220,220,220,220,192.5,165,137.5,137.5,165,151.25,137.5,151.25,165,206.25,220,220,206.25,206.25,3.5333,5.3667,69,5.3667
URGENT REORDER,Lilienfeldt,B07NYSXWFK,X001G0EONP,Wooden Cream Aid Includes 3 Interchangeable Pads & Wash Bag Back Cream Back Brush Lotion Cream Ointment Oil,100,49,1.8648,39,-0.495354408,-0.174471311,12,13,89,8,100,57,37,11,30,40,15,4,6,56,83,55,92,71,57,73,84,68,60,8,79,31,9,4,47,53,12,92,61,95,74,61,4,55,20,84,35,9,34,6,39,15,78,3,-0.1554,-0.3108,-0.4662,-0.6216,-0.777,-0.9324,-1.0878,-1.2432,-1.3986,-1.554,-1.7094,-1.8648,-2.0202,-2.1756,-2.331,-2.4864,-2.6418,-2.7972,-2.9526,-3.108,-3.2634,-3.4188,-3.5742,-3.7296,-3.885,-4.0404,-4.1958,-4.3512,-4.5066,-4.662,-4.8174,-4.9728,-5.1282,-5.2836,-5.439,-5.5944,-5.7498,-5.9052,-6.0606,-6.216,5,83,38,37,1,31,80,59,51,70,14,49,7,57,7,4,73,83,34,66,86,65,63,65,11,63,70,89,98,90,32,7,13,5,100,34,1,65,50,15,72,34,53,24,1,98,13,97,25,60,58,63,22,12,25,83,35,55,82,61,12,71,14,60,39,59,91,51,47,26,53,74,62,56,25,56,84,49,64,77,65,0.0222,38,65,0.0222
PUSH PPC,Exitoso,B09VQPP55C,0,Sweizen 2 Set Cutting Board,105,91,50,98,-0.555589744,-0.023189625,14,15,2952,81,82,2952,3,87,95,59,67,76,61,6,81,75,25,76,90,29,51,2,63,84,93,3,63,80,24,81,26,2,63,22,72,67,24,86,71,12,7,46,24,36,1,95,34,27,2952,2952,2952,2952,2952,2952,2952,2952,2952,2952,2952,2952,2952,2952,2952,2952,2952,2952,2952,2952,2952,2952,2952,2952,2952,2952,2952,2952,2952,2952,2952,2952,2952,2952,2952,2952,2952,2952,2952,2952,10,18,64,31,60,99,93,46,13,51,30,73,52,18,61,7,68,92,75,95,93,66,98,16,78,85,4,30,12,87,34,11,79,99,22,33,86,90,66,12,26,92,64,2,24,56,16,53,8,83,94,26,47,5,13,21,25,53,73,96,72,51,27,38,17,48,71,12,36,32,52,30,76,75,39,51,93,84,75,94,58,88,55,22,95
Enter info in Masterdata,0,ADRIANs-toplid-beige,0,0,21,72,7,66,-0.56587907,-0.150257325,18,24,494,57,47,494,64,79,68,39,77,64,63,73,68,75,18,56,7,73,58,61,83,85,95,6,80,68,93,75,68,63,79,16,33,64,45,5,57,7,97,92,28,63,74,18,16,36,494,494,494,494,494,494,494,494,494,494,494,494,494,494,494,494,494,494,494,494,494,494,494,494,494,494,494,494,494,494,494,494,494,494,494,494,494,494,494,494,75,72,43,51,4,79,61,25,90,55,76,19,18,79,76,68,9,7,70,41,38,24,42,3,94,68,92,80,61,3,11,93,19,95,31,5,4,97,22,83,73,20,62,100,32,58,13,54,7,10,17,86,77,93,78,67,11,82,79,25,52,43,69,18,1,49,66,99,84,14,81,59,21,36,43,34,35,2,74,74,83,94,43,45,18
PUSH PPC,HENNEZ,FELTBASKETNEW-DG-40,-,"40L Laura Felt Basket, Dark Grey Color",115,86,14,93,-0.580582858,0.069125806,21,27,3105,16,3,3105,92,9,48,72,99,17,64,29,67,25,82,39,53,20,19,58,77,2,25,99,37,23,73,17,97,34,73,30,39,16,60,18,14,17,37,57,58,29,62,60,43,67,3105,3105,3105,3105,3105,3105,3105,3105,3105,3105,3105,3105,3105,3105,3105,3105,3105,3105,3105,3105,3105,3105,3105,3105,3105,3105,3105,3105,3105,3105,3105,3105,3105,3105,3105,3105,3105,3105,3105,3105,51,57,93,57,67,44,1,14,15,53,96,20,29,45,89,16,33,95,77,41,2,84,65,60,25,20,64,31,26,17,24,59,83,72,84,45,16,92,76,71,90,94,1,17,49,33,81,99,83,11,92,55,65,80,20,35,21,6,57,73,26,29,66,15,46,79,37,48,48,3,58,91,93,18,79,42,2,78,32,44,54,25,69,83,72
Enter info in Masterdata,0,LILNEU1,0,0,31,91,39,84,-0.601767631,0.090928926,28,15,10,1,49,58,14,14,89,70,33,19,40,14,2,77,8,81,56,79,80,26,-253.5,-546.75,-859.875,-1212.75,-1585.5,-1958.25,-2311.125,-2644.125,-2977.125,-3310.125,-3643.125,-3936.375,-4189.875,-4403.625,-4617.375,-4870.875,-5104.5,-5318.25,-5551.875,-5805.375,-6118.5,-6451.5,-6784.5,-7097.625,-7410.75,-7410.75,48,73,85,43,91,62,69,37,100,47,91,46,78,16,94,90,61,72,75,15,23,66,82,22,32,35,29,7,76,80,19,98,17,80,13,57,19,60,5,20,65,3,28,50,36,26,79,22,33,46,47,96,16,93,92,71,72,50,55,19,61,69,5,64,12,64,40,98,31,49,67,96,99,57,1,18,43,89,4,54,10,7,21,61,72,52,15,23,22,35,1,56,17,62,14,69,253.5,293.25,313.125,352.875,372.75,372.75,352.875,333,333,333,333,293.25,253.5,213.75,213.75,253.5,233.625,213.75,233.625,253.5,313.125,333,333,313.125,313.125,92,69,43,79
0,Lilienfeldt,WOOD HANDLE-MASSAGE - Premium,-,Wood Handle+1 Pad+Massage Brush+ Bath Brush+ Bath ball+Color Box+Cotton Bag+Review card,135,71,55,58,-0.634328552,-0.15287869,21,25,64,11,28,38,2500,13,13,23,80,40,87,17,16,79,26,67,77,53,4,98,48,87,88,92,75,33,42,16,26,15,32,93,86,12,76,65,81,32,57,70,66,3,95,3,84,52,42,27,8,98,96,49,87,1,91,76,13,94,8,87,2500,2500,2500,2500,2500,2500,2500,2500,2500,2500,2500,2500,2500,2500,2500,2500,2500,2500,2500,2500,2500,2500,2500,2500,2500,2500,28,2,4,8,18,49,45,38,53,37,89,5,54,63,99,2500,9,30,44,38,29,34,3,32,64,77,73,9,65,63,76,36,94,97,10,6,80,74,59,32,61,34,94,9,38,9,6,36,34,54,15,84,42,69,77,41,93,64,66,52,30,87,5,81,10,41,65,57,83,44,8,46,77,69,79,14,10,67,42,25,33,29,65,66,20
URGENT REORDER,Atacama,B07JZDR4LR,Same As ASIN,"Training ball, Climbing ball, 70 mm, Set of 2, For Climbing & Training",135,59,44.7972,30,-0.688723735,0.16128283,24,13,28,94,28,13,40,88,30,38,30,57,52,75,9,86,68,72,23,18,13,9,92,54,14,73,31,4,8,64,31,85,13,26,19,65,21,34,69,35,22,78,63,13,46,60,69,-0.5333,-3.7331,-7.4662,-11.1993,-14.9324,-18.6655,-22.3986,-26.1317,-29.8648,-33.5979,-37.331,-41.0641,-44.7972,-48.5303,-52.2634,-55.9965,-59.7296,-63.4627,-67.1958,-70.9289,-74.662,-78.3951,-82.1282,-85.8613,-89.5944,-93.3275,-97.0606,-100.7937,-104.5268,-108.2599,-111.993,-115.7261,-119.4592,-123.1923,-126.9254,-130.6585,-134.3916,-138.1247,-141.8578,-145.5909,-149.324,-153.0571,94,63,62,46,60,38,91,43,61,27,33,61,8,86,38,41,10,24,32,81,99,91,40,37,2,33,32,45,68,19,62,90,69,70,100,49,75,28,23,94,28,76,77,2,38,93,53,27,67,61,28,74,1,68,6,69,55,63,39,42,14,25,46,27,39,19,37,12,55,84,46,5,36,7,42,48,100,33,46,15,0.5333,100,20,0.5333
0,GustoVac,B075GSMBW3,Same As ASIN,Premium Vacuum bags - 100 pcs. 15x30 cm,45,63,15,23,-0.712340101,-0.253637374,9,14,28,33,62,95,99,19,31,24,49,11,71,70,39,2,80,83,51,25,54,34,43,27,51,41,67,26,78,98,41,31,62,69,23,85,45,9,46,3,53,41,98,98,45,64,31,27,50,33,8,17,67,86,25,91,12,51,28,21,13,36,62,48,48,29,40,17,34,4,22,100,69,67,83,81,98,30,97,28,8,39,82,78,77,47,93,88,54,58,69,27,19,22,7,65,93,26,37,70,44,1,97,30,65,92,54,87,80,56,23,56,40,94,54,46,40,93,39,68,71,5,14,90,100,94,12,37,90,66,4,11,82,48,89,43,33,41,84,65,96,22,19,5,57,94,6,4,24,31,71,57,59,61,58,78,100,48,75,26,85,6,23,17,94,65,59,11,47,94,39,24,21
Enter info in Masterdata,0,ADRIANs-toplid-darkgrey,0,0,92,62,30,97,-0.715432695,-0.03789807,14,10,1501,21,40,1501,63,38,37,5,91,51,61,37,12,33,85,28,16,19,12,32,98,42,58,52,2,45,40,53,61,39,23,84,61,34,67,77,13,19,97,89,33,15,100,53,2,66,1501,1501,1501,1501,1501,1501,1501,1501,1501,1501,1501,1501,1501,1501,1501,1501,1501,1501,1501,1501,1501,1501,1501,1501,1501,1501,1501,1501,1501,1501,1501,1501,1501,1501,1501,1501,1501,1501,1501,1501,4,50,9,14,8,31,75,35,92,46,71,51,64,90,67,34,50,36,77,32,6,90,9,8,84,15,9,28,100,96,26,49,13,55,45,2,43,6,67,90,73,27,70,26,37,85,13,33,31,25,68,90,44,59,70,50,76,11,20,64,21,13,80,19,84,85,100,48,97,4,38,51,56,98,96,38,63,22,54,7,94,33,37,53,31
URGENT REORDER,HENNEZ,B092W1DY28,X001CXCSGB,Toilet Paper Holder No Drilling Industrial Black Round Ring (10 cm) Vintage,100,15,91.4676,14,-0.749108844,-1,16,20,54,12,32,54,13,83,59,43,81,75,49,20,78,9,99,48,57,19,76,26,20,73,72,55,8,49,25,29,42,13,60,69,29,95,17,55,28,74,98,63,2,52,85,45,91,5,46.3777,38.7554,31.1331,23.5108,15.8885,8.2662,0.6439,-6.9784,-14.6007,-22.223,-29.8453,-37.4676,-45.0899,-52.7122,-60.3345,-67.9568,-75.5791,-83.2014,-90.8237,-98.446,-106.0683,-113.6906,-121.3129,-128.9352,-136.5575,-144.1798,-151.8021,-159.4244,-167.0467,-174.669,-182.2913,-189.9136,-197.5359,-205.1582,-212.7805,-220.4028,-228.0251,-235.6474,-243.2697,-250.892,17,23,74,46,15,48,45,75,84,47,56,21,39,74,17,7,26,57,19,61,99,64,73,87,57,26,73,24,55,96,28,88,38,54,94,40,52,52,51,51,96,29,62,74,71,72,1,32,72,71,15,88,94,29,59,23,85,63,97,73,51,20,79,84,62,58,29,91,1,76,82,66,68,17,60,94,20,55,84,60,56,1.0889,0.0667,23,1.0889
0,Wellenborg,B07YX8M8PD,-,Laundry Basket with Privacy Screen 36 x 48 cm (White & Blue),120,2,64,71,-0.758287719,-0.171335865,25,22,34,69,7,87,78,60,1,15,18,25,58,22,95,36,21,55,64,17,79,88,88,79,22,60,27,96,97,74,18,23,29,79,86,29,68,88,42,17,67,20,41,56,50,93,33,24,44,6,55,88,10,16,91,50,50,81,98,65,55,11,5,95,45,49,60,10,51,84,97,92,3,34,60,72,78,18,9,46,2,75,44,79,12,25,34,41,30,36,73,28,94,12,16,97,19,32,26,63,83,8,80,34,24,84,44,18,63,82,30,42,11,2,12,34,17,91,59,3,62,69,13,45,55,90,51,20,88,21,32,15,64,60,12,99,93,64,10,3,51,68,48,6,57,93,78,66,69,52,3,41,2,85,94,96,43,72,18,56,56,43,7,65,26,63,62,4,8,62,59,35,33
0,Lilienfeldt,WOOD HANDLE-MASSAGE - PURE,-,Wood Handle+1 PAD+Cotton Bag+ Color Box+Review cards,135,24,21,37,-0.784564961,0.107695716,19,28,17,35,23,89,2500,96,59,82,2,64,71,94,65,12,8,10,61,65,84,21,61,67,35,91,60,34,96,2,35,44,46,82,93,83,96,93,4,72,55,3,36,75,95,69,8,16,100,16,12,95,87,57,94,7,28,80,47,17,54,10,2500,2500,2500,2500,2500,2500,2500,2500,2500,2500,2500,2500,2500,2500,2500,2500,2500,2500,2500,2500,2500,2500,2500,2500,2500,2500,30,2,24,55,51,19,73,55,46,32,53,75,76,12,78,2500,4,16,81,57,58,68,21,7,100,22,3,58,45,26,65,99,81,91,62,6,3,35,80,37,31,84,19,57,86,5,34,48,4,95,83,54,35,82,61,87,43,63,89,51,9,3,79,28,47,75,79,74,76,34,59,99,91,98,89,86,2,20,19,58,84,10,3,16,82
URGENT REORDER,Atacama,?B08MFGNQS3,-,Hydration Bladder 2L BPA - 2 Litre Backpack Water Bag with Infused Drinking Tube (Light Grey),135,31,600.0036,60,-0.786066798,0.438158133,19,22,459,110,6,349,21,34,100,6,41,23,11,27,18,25,90,41,99,63,12,71,13,26,97,91,6,78,21,97,47,44,83,5,23,75,48,28,23,31,99,54,100,85,58,21,21,98,408.9997,358.9994,308.9991,258.9988,208.9985,158.9982,108.9979,58.9976,8.9973,-41.003,-91.0033,-141.0036,-191.0039,-241.0042,-291.0045,-341.0048,-391.0051,-441.0054,-491.0057,-541.006,-591.0063,-641.0066,-691.0069,-741.0072,-791.0075,-841.0078,-891.0081,-941.0084,-991.0087,-1041.009,-1091.0093,-1141.0096,-1191.0099,-1241.0102,-1291.0105,-1341.0108,-1391.0111,-1441.0114,-1491.0117,-1541.012,57,75,37,55,80,66,46,43,83,65,39,92,25,72,13,19,28,55,90,70,54,12,83,89,55,63,29,14,33,50,97,71,74,32,63,30,65,51,43,25,75,31,97,2,91,89,31,13,8,100,2,25,91,44,28,79,19,34,6,60,69,31,19,35,99,57,80,11,88,9,42,5,88,60,6,93,5,32,18,66,12,4.2889,4.9667,7.1429,7.1429
PUSH PPC,HENNEZ,FELTBASKETNEW-LG-40,-,"40L Laura Felt Basket, Light Grey Color",115,53,11,1,-0.825635097,-0.035700893,8,1,3150,24,9,3150,21,51,48,89,63,51,49,2,37,11,88,63,46,65,28,100,48,10,68,65,92,2,90,75,15,37,73,8,23,89,19,52,16,72,17,66,14,60,54,92,18,23,3150,3150,3150,3150,3150,3150,3150,3150,3150,3150,3150,3150,3150,3150,3150,3150,3150,3150,3150,3150,3150,3150,3150,3150,3150,3150,3150,3150,3150,3150,3150,3150,3150,3150,3150,3150,3150,3150,3150,3150,8,54,43,5,14,39,27,44,80,27,73,35,84,79,50,58,7,58,64,74,84,64,88,19,73,4,66,77,97,43,77,17,28,85,62,38,25,38,2,61,43,90,39,46,70,54,18,37,88,77,39,58,59,13,63,57,65,77,80,67,66,20,78,67,59,30,29,92,73,32,34,96,29,40,37,88,3,61,91,39,41,33,83,10,68
Enter info in Masterdata,0,LILNEU2,0,0,100,57,34,56,-0.843487982,-0.110618677,28,2,55,34,82,91,83,24,4,64,8,35,23,25,85,73,78,74,58,57,54,28,-115.5,-250.25,-394.625,-558.25,-731.5,-904.75,-1068.375,-1222.375,-1376.375,-1530.375,-1684.375,-1819.125,-1934.625,-2030.875,-2127.125,-2242.625,-2348.5,-2444.75,-2550.625,-2666.125,-2810.5,-2964.5,-3118.5,-3262.875,-3407.25,-3407.25,60,99,74,26,54,66,12,76,78,73,24,26,23,65,45,36,88,5,96,28,82,65,96,84,70,1,5,3,37,48,93,22,51,66,83,75,35,75,53,23,67,46,49,59,40,69,41,19,95,3,50,87,55,5,83,21,1,51,98,30,56,28,25,75,94,78,42,47,44,56,42,53,12,53,92,28,62,16,84,24,71,31,54,92,96,86,46,59,28,79,57,38,25,47,84,28,115.5,134.75,144.375,163.625,173.25,173.25,163.625,154,154,154,154,134.75,115.5,96.25,96.25,115.5,105.875,96.25,105.875,115.5,144.375,154,154,144.375,144.375,2,12,9,25
0,Wellenborg,B08C33QV3K,-,Felt Laundry Baskets [Pack of 2] with Privacy Screen (50 Litres) - Light Grey/Grey,120,55,88,56,-0.844447993,-0.233598872,4,1,51,98,45,72,38,28,7,49,55,100,75,54,71,34,16,78,17,39,43,72,21,78,49,88,87,93,10,7,10,62,3,31,20,71,67,61,40,75,7,3,84,86,46,91,16,41,43,6,40,74,87,86,27,30,13,84,85,23,58,77,62,96,98,26,92,23,29,9,60,22,96,66,54,25,27,14,68,86,53,77,32,54,75,71,26,69,50,10,1,99,99,82,85,51,76,17,29,77,98,45,42,16,78,29,25,25,16,25,33,86,30,39,1,16,2,48,65,78,65,71,36,39,3,40,85,86,16,52,17,51,85,48,39,28,4,22,30,34,82,40,98,68,35,5,62,47,88,46,70,100,62,2,51,55,79,72,85,37,23,43,22,42,99,85,49,32,99,4,66,96,81
0,GustoVac,B06W9KXRVB,Same As ASIN,Premium Vacuum bags - 100 pcs. 15x30 cm,45,17,47,93,-0.870470013,0.168802836,18,6,86,10,81,22,98,90,31,50,86,97,89,44,38,88,87,83,86,94,15,90,69,26,57,27,7,77,60,80,97,46,39,76,1,25,85,15,44,54,60,65,44,61,7,44,55,14,62,20,39,44,74,43,51,70,99,18,64,39,58,53,29,93,48,3,71,58,5,23,58,33,45,58,75,46,2,41,37,39,14,90,69,5,16,31,25,19,77,8,9,96,87,68,16,14,67,18,41,99,44,50,32,89,48,7,14,61,13,49,23,75,63,17,66,26,56,31,36,49,99,78,42,42,54,22,99,62,55,90,82,33,47,77,63,65,46,50,54,76,26,9,98,36,71,7,13,17,3,72,90,90,31,58,79,61,31,33,1,27,7,5,22,44,37,44,13,35,6,50,5,56,95
0,Lilienfeldt,WOOD HANDLE MASSAGE- Classic,-,Wood Handle+4 PADS+Cotton Bag+Bath Brush+ Bath ball+ Color box+ Review Cards ,135,75,21,19,-0.906474684,-0.107125,12,19,36,15,23,11,10000,90,38,98,6,24,44,86,15,97,49,50,68,65,96,32,91,95,84,55,36,63,19,43,22,33,30,33,55,96,70,46,24,45,44,24,92,57,63,22,54,70,80,11,78,87,71,54,13,58,15,100,14,51,69,62,10000,10000,10000,10000,10000,10000,10000,10000,10000,10000,10000,10000,10000,10000,10000,10000,10000,10000,10000,10000,10000,10000,10000,10000,10000,10000,34,15,91,81,44,71,48,82,47,59,46,44,45,74,21,10000,51,8,26,25,32,12,81,13,61,40,12,85,49,20,45,82,85,37,67,1,58,54,5,97,80,89,35,47,47,1,9,55,69,53,96,85,72,92,24,74,34,6,93,91,90,16,74,98,87,94,9,11,33,79,19,13,37,86,35,19,58,70,93,73,52,12,32,39,25
URGENT REORDER,13am,B07MTHD7RS,X001FXCKMZ,13AM Penis Ring Set 3 Pieces ,110,28,75.6,34,-0.93900019,-0.206333333,32,23,63,62,1,53,78,60,57,54,51,48,46,44,42,40,38,37,35,33,30,25,19,13,7,3,-1,-5,-10,-16,-23,-30,-36,-42,-48,-54,-60,-66,-72,-77,-82,-89.2,-97.6,-104.6,-110.6,-115.6,-120.6,-118.1778,56.7,50.4,44.1,37.8,31.5,25.2,18.9,12.6,6.3,8.88178E-15,-6.3,-12.6,-18.9,-25.2,-31.5,-37.8,-44.1,-50.4,-56.7,-63,-69.3,-75.6,-81.9,-88.2,-94.5,-100.8,-107.1,-113.4,-119.7,-126,-132.3,-138.6,-144.9,-151.2,-157.5,-163.8,-170.1,-176.4,-182.7,-189,-192.3,79,84,10,8,99,46,60,45,35,32,33,27,85,68,23,44,25,75,82,20,23,51,9,71,21,29,58,96,33,4,50,36,48,9,43,16,98,73,95,27,3,3,3,3,3,2,2,2,2,2,1,2,2,3,5,6,6,6,4,4,4,5,6,7,7,6,6,6,6,6,6,6,5,5,7.2,8.4,7,6,5,5,0.5778,0.9,0.7143,0.9
URGENT REORDER,Exitoso,B08G4M36SD,X00182DTZF,The Original I 3 L Pedal Waste Bin for the Bathroom (Black),135,528,1008,72,-0.939274397,0.107695716,39,28,1324,241,23,1083,30,1284,1234,1184,1134,1084,1034,984,938,892,850,818,796,774,748,702.6,657.2,611.8,566.4,514.8,457,393,322.8,246.4,170,93.6,17.2,-71.6,-175.9,-280.2,-390.7,-501.2,-621,-740.8,-860.6,-1002.1,-1159.1,-1300.6,-1442.1,-1568.1,-1694.1,-1659.6333,1240,1156,1072,988,904,820,736,652,568,484,400,316,232,148,64,-20,-104,-188,-272,-356,-440,-524,-608,-692,-776,-860,-944,-1028,-1112,-1196,-1280,-1364,-1448,-1532,-1616,-1700,-1784,-1868,-1952,-2036,-2080,73,31,90,56,30,13,60,31,71,74,15,16,8,88,52,9,47,7,68,28,35,35,77,48,30,65,17,88,13,62,23,90,92,72,72,85,60,31,53,1,40,50,50,50,50,50,50,46,46,42,32,22,22,26,45.4,45.4,45.4,45.4,51.6,57.8,64,70.2,76.4,76.4,76.4,76.4,88.8,104.3,104.3,110.5,110.5,119.8,119.8,119.8,141.5,157,141.5,141.5,126,126,5.5333,10.8333,12,12
PUSH PPC,13am,B07TH21BKT,X001FY7YTD,13AM Silicone Cock Ring Set of 3 Acorn Ring Testicle Ring,110,21,36.0024,20,0.7144,0.168802836,24,5,1010,9,1,1000,79,1008,1006,1004,1002,1000,999,997,996,994,992,991,989,988,986,982,977,972,967,963,960,957,953,948,943,938,933,928,923,918,913,908,903,899,895,890,884,878,872,868,864,865.6889,1006.9998,1003.9996,1000.9994,997.9992,994.999,991.9988,988.9986,985.9984,982.9982,979.998,976.9978,973.9976,970.9974,967.9972,964.997,961.9968,958.9966,955.9964,952.9962,949.996,946.9958,943.9956,940.9954,937.9952,934.995,931.9948,928.9946,925.9944,922.9942,919.994,916.9938,913.9936,910.9934,907.9932,904.993,901.9928,898.9926,895.9924,892.9922,889.992,888.9918,84,72,57,84,12,75,22,6,15,35,22,73,2,21,60,18,23,100,65,31,41,92,83,21,29,98,10,59,73,30,10,82,99,10,41,91,66,33,81,48,2,2,2,2,2,1,2,1,2,2,1,2,1,2,4,5,5,5,4,3,3,4,5,5,5,5,5,5,5,5,5,5,4,4,5,6,6,6,4,4,0.3111,0.3667,0.4286,0.4286
PUSH PPC,HENNEZ,B095H2KNZ8,X001DJV63Z,Laundry felt basket (Pink),100,120,152.1324,83,0.26777,0.377584914,28,19,2174,372,14,1788,2,2164,2154,2144,2134,2124,2114,2104,2094,2084,2074,2064,2054,2044,2034,2024,2014,2004,1994,1984,1974,1964,1954,1944,1934,1924,1914,1904,1894,1884,1874,1864,1854,1844,1834,1824,1814,1804,1794,1784,1774,1782.1889,2161.3223,2148.6446,2135.9669,2123.2892,2110.6115,2097.9338,2085.2561,2072.5784,2059.9007,2047.223,2034.5453,2021.8676,2009.1899,1996.5122,1983.8345,1971.1568,1958.4791,1945.8014,1933.1237,1920.446,1907.7683,1895.0906,1882.4129,1869.7352,1857.0575,1844.3798,1831.7021,1819.0244,1806.3467,1793.669,1780.9913,1768.3136,1755.6359,1742.9582,1730.2805,1717.6028,1704.9251,1692.2474,1679.5697,1666.892,1664.2143,5,72,89,31,88,21,88,63,68,86,96,16,69,99,59,32,35,40,59,11,22,86,33,55,36,71,68,12,48,35,78,48,3,48,79,31,62,35,89,75,10,10,10,10,10,10,10,10,10,10,10,10,10,10,10,10,10,10,10,10,10,10,10,10,10,10,10,10,10,10,10,10,10,10,10,10,10,10,10,10,1.8111,0.9333,1.2857,1.8111
0,HENNEZ,B08L43KZTD,X00197H4OV,Large Bamboo Laundry Basket with Lid and Removable Bag (Dark Grey),145,4576.5,5580.3972,36,0.219359161,-0.023189625,45,3,9180,775,30,8405,18000,8784.5,8389,7993.5,7598,7202.5,6807,6411.5,6016,5620.5,5281.5,4942.5,4603.5,4264.5,3925.5,2963,15500.5,14538,13575.5,12475.5,15875.5,14775.5,13675.5,12438,11200.5,9963,8725.5,7488,6113,4738,3363,1988,475.5,-1037,-2549.5,-4062,-5712,-7362,-9012,-10112,-11762,-11432.9333,8714.9669,8249.9338,7784.9007,7319.8676,6854.8345,6389.8014,5924.7683,5459.7352,4994.7021,4529.669,4064.6359,3599.6028,3134.5697,2669.5366,2204.5035,15239.4704,14774.4373,14309.4042,13844.3711,17879.338,17414.3049,16949.2718,16484.2387,16019.2056,15554.1725,15089.1394,14624.1063,14159.0732,13694.0401,13229.007,12763.9739,12298.9408,11833.9077,11368.8746,10903.8415,10438.8084,9973.7753,9508.7422,9043.7091,8578.676,8509.1429,60,1,48,42,77,66,73,42,84,1,20,6,5,30,78,13500,31,74,63,4500,15,10,72,28,80,19,13,55,55,90,37,63,74,50,80,56,50,64,28,49,395.5,395.5,395.5,395.5,395.5,395.5,395.5,395.5,395.5,339,339,339,339,339,962.5,962.5,962.5,962.5,1100,1100,1100,1100,1237.5,1237.5,1237.5,1237.5,1237.5,1375,1375,1375,1375,1512.5,1512.5,1512.5,1512.5,1650,1650,1650,1100,1650,66.4333,51.3333,50.1429,66.4333
PUSH PPC,HENNEZ,B095GQWY8S,X001FOFT8V,Laundry felt basket (Blue),100,180,204.3972,93,0.13554,-0.107125,35,6,2163,267,12,1884,3,2148,2133,2118,2103,2088,2073,2058,2043,2028,2013,1998,1983,1968,1953,1938,1923,1908,1893,1878,1863,1848,1833,1818,1803,1788,1773,1758,1743,1728,1713,1698,1683,1668,1653,1638,1623,1608,1593,1578,1563,1575.5667,2145.9669,2128.9338,2111.9007,2094.8676,2077.8345,2060.8014,2043.7683,2026.7352,2009.7021,1992.669,1975.6359,1958.6028,1941.5697,1924.5366,1907.5035,1890.4704,1873.4373,1856.4042,1839.3711,1822.338,1805.3049,1788.2718,1771.2387,1754.2056,1737.1725,1720.1394,1703.1063,1686.0732,1669.0401,1652.007,1634.9739,1617.9408,1600.9077,1583.8746,1566.8415,1549.8084,1532.7753,1515.7422,1498.7091,1481.676,1479.6429,13,30,88,84,53,5,69,72,94,46,62,22,97,49,28,55,90,9,80,50,11,2,14,30,58,70,40,75,57,48,73,48,88,46,69,23,6,50,5,22,15,15,15,15,15,15,15,15,15,15,15,15,15,15,15,15,15,15,15,15,15,15,15,15,15,15,15,15,15,15,15,15,15,15,15,15,15,15,15,15,2.4333,0.8,0.7143,2.4333
0,HENNEZ,B08L42NJJ8,X00197HJ7X,Large Laundry Basket with Lid 2 Removable Laundry Bags (Light Grey/Beige),145,2713.5,3054.8028,39,0.125779547,-0.108203458,42,7,4391,395,1,3996,10000,4156.5,3922,3687.5,3453,3218.5,2984,2749.5,2515,2280.5,2079.5,1878.5,1677.5,1476.5,1275.5,677,7578.5,6980,6381.5,5697.5,7513.5,6829.5,6145.5,5376,4606.5,3837,3067.5,2298,1443,588,-267,-1122,-2062.5,-3003,-3943.5,-4884,-5910,-6936,-7962,-8646,-9672,-9473.8667,4136.4331,3881.8662,3627.2993,3372.7324,3118.1655,2863.5986,2609.0317,2354.4648,2099.8979,1845.331,1590.7641,1336.1972,1081.6303,827.0634,572.4965,7817.9296,7563.3627,7308.7958,7054.2289,9299.662,9045.0951,8790.5282,8535.9613,8281.3944,8026.8275,7772.2606,7517.6937,7263.1268,7008.5599,6753.993,6499.4261,6244.8592,5990.2923,5735.7254,5481.1585,5226.5916,4972.0247,4717.4578,4462.8909,4208.324,4188.2571,95,13,44,56,85,69,92,68,43,95,58,88,1,6,56,7500,21,23,75,2500,21,49,31,78,66,42,53,9,30,5,24,77,84,51,97,89,1,11,68,23,234.5,234.5,234.5,234.5,234.5,234.5,234.5,234.5,234.5,201,201,201,201,201,598.5,598.5,598.5,598.5,684,684,684,684,769.5,769.5,769.5,769.5,769.5,855,855,855,855,940.5,940.5,940.5,940.5,1026,1026,1026,684,1026,36.3667,28.0333,25,36.3667
PUSH PPC,Exitoso,B083H155PB,X0014PR3ML,Hygienic Silicone Toilet Brush with Container as a set (Grey),130,668,704.6676,69,0.054891617,0.175112903,45,4,5779,109,75,5670,42,5713,5650,5587,5524,5461,5411,5361,5311,5261,5211,5161,5111,5061,5011,4946,4881,4816,4751,4686,4621,4556,4491,4421,4351,4281,4211,4141,4071,4001,3931,3861,3791,3721,3651,3581,3511,3441,3371,3371,3371,3428.6111,5720.2777,5661.5554,5602.8331,5544.1108,5485.3885,5426.6662,5367.9439,5309.2216,5250.4993,5191.777,5133.0547,5074.3324,5015.6101,4956.8878,4898.1655,4839.4432,4780.7209,4721.9986,4663.2763,4604.554,4545.8317,4487.1094,4428.3871,4369.6648,4310.9425,4252.2202,4193.4979,4134.7756,4076.0533,4017.331,3958.6087,3899.8864,3841.1641,3782.4418,3723.7195,3664.9972,3606.2749,3547.5526,3488.8303,3430.108,3437.3857,83,40,62,24,34,20,74,28,92,60,100,2,81,100,14,97,44,76,62,35,87,57,24,65,69,86,79,84,70,68,42,80,56,39,95,39,65,6,76,57,66,63,63,63,63,50,50,50,50,50,50,50,50,50,65,65,65,65,65,65,65,65,70,70,70,70,70,70,70,70,70,70,70,70,70,70,70,70,7,4,8.3889,6.2,7.2857,8.3889
PUSH PPC,HENNEZ,B091B27WWR,X001CEJPLV,Laundry felt basket (Yellow),100,403.2,424.6704,29,0.05325,-0.285714286,52,21,2159,214,151,1794,35,2125.4,2091.8,2058.2,2024.6,1991,1957.4,1923.8,1890.2,1856.6,1823,1789.4,1755.8,1722.2,1688.6,1648.7,1608.8,1568.9,1529,1483.4,1432.1,1380.8,1329.5,1272.5,1215.5,1158.5,1101.5,1044.5,976.1,907.7,839.3,770.9,679.7,588.5,497.3,406.1,314.9,223.7,132.5,69.8,-21.4,7.1444,2123.6108,2088.2216,2052.8324,2017.4432,1982.054,1946.6648,1911.2756,1875.8864,1840.4972,1805.108,1769.7188,1734.3296,1698.9404,1663.5512,1628.162,1592.7728,1557.3836,1521.9944,1486.6052,1451.216,1415.8268,1380.4376,1345.0484,1309.6592,1274.27,1238.8808,1203.4916,1168.1024,1132.7132,1097.324,1061.9348,1026.5456,991.1564,955.7672,920.378,884.9888,849.5996,814.2104,778.8212,743.432,741.6428,12,55,54,73,54,52,46,20,98,26,13,35,31,80,100,74,40,53,57,59,25,21,82,34,5,94,56,100,97,69,76,11,8,83,32,17,9,38,45,80,33.6,33.6,33.6,33.6,33.6,33.6,33.6,33.6,33.6,33.6,33.6,33.6,33.6,33.6,39.9,39.9,39.9,39.9,45.6,51.3,51.3,51.3,57,57,57,57,57,68.4,68.4,68.4,68.4,91.2,91.2,91.2,91.2,91.2,91.2,91.2,62.7,91.2,5.0556,2.8,2,5.0556
PUSH PPC,HENNEZ,B093LGTX6S,X001D1W0H9,Wooden Bamboo Toilet Paper Holder Without Drilling,125,2340.8,2281.0704,29,-0.025516746,-0.174471311,51,15,11303,766,175,10362,25,11128.6,10934.2,10739.8,10545.4,10351,10152.6,9954.2,9755.8,9557.4,9359,9160.6,8962.2,8763.8,8565.4,8363,8160.6,7958.2,7755.8,7528.1,7300.4,7072.7,6845,6592,6313.7,6035.4,5757.1,5478.8,5175.2,4871.6,4568,4264.4,3910.2,3556,3201.8,2847.6,2442.8,2038,1633.2,1329.6,924.8,1072.0444,11112.9108,10922.8216,10732.7324,10542.6432,10352.554,10162.4648,9972.3756,9782.2864,9592.1972,9402.108,9212.0188,9021.9296,8831.8404,8641.7512,8451.662,8261.5728,8071.4836,7881.3944,7691.3052,7501.216,7311.1268,7121.0376,6930.9484,6740.8592,6550.77,6360.6808,6170.5916,5980.5024,5790.4132,5600.324,5410.2348,5220.1456,5030.0564,4839.9672,4649.878,4459.7888,4269.6996,4079.6104,3889.5212,3699.432,3683.7428,54,23,14,54,41,61,32,53,46,20,8,32,60,51,42,100,62,94,98,95,17,91,78,53,16,96,3,87,38,95,41,55,24,63,82,89,70,29,3,56,174.4,194.4,194.4,194.4,194.4,198.4,198.4,198.4,198.4,198.4,198.4,198.4,198.4,198.4,202.4,202.4,202.4,202.4,227.7,227.7,227.7,227.7,253,278.3,278.3,278.3,278.3,303.6,303.6,303.6,303.6,354.2,354.2,354.2,354.2,404.8,404.8,404.8,303.6,404.8,27.1556,24.4,20.1429,27.1556
PUSH PPC,Exitoso,B08F4CFGBN,X0017R0SRN,Proofing basket Round (diameter 25 cm) with Recipe Book and Instructions (Round-Beige),100,481.6,467.6028,86,-0.029063953,-0.378891304,45,20,3272,152,63,3120,92,3231.6,3191.2,3150.8,3110.4,3070,3030.8,2992.8,2955.8,2915.6,2874.2,2831.8,2790.4,2748,2706.6,2664.2,2622.8,2581.4,2540,2498.6,2457.2,2415.8,2374.4,2333,2291.6,2250.2,2217.6,2182.8,2132.6,2082.4,2032.2,1973.2,1903.2,1821.1,1739,1647,1544,1441,1344.6,1250.4,1158.4,1193.2333,3233.0331,3194.0662,3155.0993,3116.1324,3077.1655,3038.1986,2999.2317,2960.2648,2921.2979,2882.331,2843.3641,2804.3972,2765.4303,2726.4634,2687.4965,2648.5296,2609.5627,2570.5958,2531.6289,2492.662,2453.6951,2414.7282,2375.7613,2336.7944,2297.8275,2258.8606,2219.8937,2180.9268,2141.9599,2102.993,2064.0261,2025.0592,1986.0923,1947.1254,1908.1585,1869.1916,1830.2247,1791.2578,1752.2909,1713.324,1714.7571,96,3,53,89,33,37,42,15,3,24,59,85,99,42,40,29,37,18,41,80,58,49,70,55,94,9,60,42,31,12,69,39,47,69,73,7,43,8,6,24,40.4,40.4,40.4,40.4,40.4,39.2,38,37,40.2,41.4,42.4,41.4,42.4,41.4,42.4,41.4,41.4,41.4,41.4,41.4,41.4,41.4,41.4,41.4,41.4,32.6,34.8,50.2,50.2,50.2,59,70,82.1,82.1,92,103,103,96.4,94.2,92,5.5667,4.6,2.8571,5.5667
REORDER,Exitoso,B08G8Y5QB7,X00183KKN3,"Breakfast Boards, Set of 6 Chopping Boards (Gery/Black Plastic)",105,2848.5,2681.4648,57,-0.058639705,-0.110618677,30,34,4754,668,55,4086,72,4511,4257.5,4005,3751.5,3500,3246.5,2994,2740.5,2494.5,2268.5,2076.5,1905.5,1725.5,1532.5,1112.5,666.25,196.75,-274.75,-719,-1215.75,-1735.75,-2283,-2828.25,-3375.5,-3895.5,-4417.5,-4937.5,-5484.75,-6030,-6728.75,-7478,-8228.25,-9029,-9855,-10706.25,-11784.75,-12888.5,-13940.75,-14915.25,-15839.25,-15628.1722,4530.5446,4307.0892,4083.6338,3860.1784,3636.723,3413.2676,3189.8122,2966.3568,2742.9014,2519.446,2295.9906,2072.5352,1849.0798,1625.6244,1402.169,1178.7136,955.2582,731.8028,508.3474,284.892,61.4366,-162.0188,-385.4742,-608.9296,-832.385,-1055.8404,-1279.2958,-1502.7512,-1726.2066,-1949.662,-2173.1174,-2396.5728,-2620.0282,-2843.4836,-3066.939,-3290.3944,-3513.8498,-3737.3052,-3960.7606,-4184.216,-4164.6714,36,12,92,46,42,84,24,41,58,74,82,86,2,43,66,6,60,74,50,99,93,11,28,92,98,30,94,76,31,61,30,10,37,18,51,64,24,61,13,95,243,253.5,252.5,253.5,251.5,253.5,252.5,253.5,246,226,192,171,180,193,420,446.25,469.5,471.5,444.25,496.75,520,547.25,545.25,547.25,520,522,520,547.25,545.25,698.75,749.25,750.25,800.75,826,851.25,1078.5,1103.75,1052.25,974.5,924,31.9222,25.7,22.8571,31.9222
0,Exitoso,B08G4KRD6J,X00182EHMT,The Original I 3 L Pedal Waste Bin for the Bathroom (Grey),135,542,504,23,-0.070110701,0.16128283,40,44,1332,69,2,1263,78,1286,1234,1182,1130,1078,1026,974,926,878,838,808,790,772,750,710.8,671.6,632.4,593.2,547.8,496.2,438.4,374.4,304.2,234,163.8,93.6,17.2,-65.4,-151.1,-243,-334.9,-445.4,-555.9,-666.4,-786.2,-924.6,-1044.4,-1164.2,-1274.7,-1385.2,-1343.0333,1290,1248,1206,1164,1122,1080,1038,996,954,912,870,828,786,744,702,660,618,576,534,492,450,408,366,324,282,240,198,156,114,72,30,-12,-54,-96,-138,-180,-222,-264,-306,-348,-344,75,19,17,59,62,23,22,2,79,72,3,1,83,86,56,85,86,25,34,62,13,27,7,99,91,40,68,20,23,8,16,92,37,29,41,2,52,78,53,47,46,52,52,52,52,52,52,48,48,40,30,18,18,22,39.2,39.2,39.2,39.2,45.4,51.6,57.8,64,70.2,70.2,70.2,70.2,76.4,82.6,85.7,91.9,91.9,110.5,110.5,110.5,119.8,138.4,119.8,119.8,110.5,110.5,3.8333,5.1667,6,6
PUSH PPC,Exitoso,B08V5K663S,X001B4PUGV,Proofing Basket with E-Book Recipe and Instructions (Oval - Beige),100,543.2,495.6,34,-0.087628866,-0.473061696,20,25,3285,219,40,3066,9,3239.1,3193.2,3147.3,3101.4,3055.5,3010.8,2967.3,2925.9,2883.5,2836.6,2788.7,2741.8,2693.9,2647,2599.1,2552.2,2505.3,2458.4,2411.5,2364.6,2317.7,2270.8,2223.9,2174.8,2123.5,2070,2014.3,1956.4,1898.5,1840.6,1770.6,1684.1,1588.8,1493.5,1385,1260,1135,1026.5,918,815,855,3243.7,3202.4,3161.1,3119.8,3078.5,3037.2,2995.9,2954.6,2913.3,2872,2830.7,2789.4,2748.1,2706.8,2665.5,2624.2,2582.9,2541.6,2500.3,2459,2417.7,2376.4,2335.1,2293.8,2252.5,2211.2,2169.9,2128.6,2087.3,2046,2004.7,1963.4,1922.1,1880.8,1839.5,1798.2,1756.9,1715.6,1674.3,1633,1637.6,96,37,96,60,65,91,16,6,72,70,10,46,94,71,55,94,97,4,69,20,82,69,42,92,55,44,29,79,78,22,52,71,51,24,1,5,16,86,61,68,45.9,45.9,45.9,45.9,45.9,44.7,43.5,41.4,42.4,46.9,47.9,46.9,47.9,46.9,47.9,46.9,46.9,46.9,46.9,46.9,46.9,46.9,46.9,49.1,51.3,53.5,55.7,57.9,57.9,57.9,70,86.5,95.3,95.3,108.5,125,125,108.5,108.5,103,5.9,4.0667,2.1429,5.9
REORDER,Atacama,B08CW35L5W,Same As ASIN,All Mountain Poles (Cork Handle Material) - 3K Carbon and 7075 Aluminium (100% Carbon Pole),120,2321.9,2052.0024,81,-0.116239976,0.650581081,30,43,3468,490,818,2160,1680,3318.2,3130.95,2943.7,2756.45,2569.2,2381.95,2194.7,2007.45,1820.2,3275.5,3050.8,2826.1,2601.4,2204.7,1543.02,881.34,208.66,-486.02,-1302.67,-2141.32,-2979.97,-3818.62,-4505.77,-5192.92,-5880.07,-6567.22,-7254.37,-7814.55,-8363.73,-8901.91,-9434.59,-9882.31,-10330.03,-10783.25,-11241.97,-11722.69,-12203.41,-12684.13,-13164.85,-13645.57,-13507.8367,3296.9998,3125.9996,2954.9994,2783.9992,2612.999,2441.9988,2270.9986,2099.9984,1928.9982,3437.998,3266.9978,3095.9976,2924.9974,2753.9972,2582.997,2411.9968,2240.9966,2069.9964,1898.9962,1727.996,1556.9958,1385.9956,1214.9954,1043.9952,872.995,701.9948,530.9946,359.9944,188.9942,17.994,-153.0062,-324.0064,-495.0066,-666.0068,-837.007,-1008.0072,-1179.0074,-1350.0076,-1521.0078,-1692.008,-1713.2082,19,70,25,5,26,40,4,89,20,1680,44,18,61,83,37,10,31,17,31,15,56,28,17,83,40,63,19,38,46,33,24,78,43,63,72,18,77,64,71,2,149.8,187.25,187.25,187.25,187.25,187.25,187.25,187.25,187.25,224.7,224.7,224.7,224.7,396.7,661.68,661.68,672.68,694.68,816.65,838.65,838.65,838.65,687.15,687.15,687.15,687.15,687.15,560.18,549.18,538.18,532.68,447.72,447.72,453.22,458.72,480.72,480.72,480.72,480.72,480.72,12.0667,14.8,24.4286,24.4286
0,Exitoso,B07WJTQ3GY,X00126KMED,"The Original Knife Magnetic Strip -Self-Adhesive with 3M Adhesive Tape,  40 cm ",105,1608.19,1322.5296,73,-0.177628514,-0.185265625,40,42,4624,370,62,4254,40,4493.5,4355,4216.5,4078,3939.5,3800.88,3662.26,3523.64,3385.02,3261.95,3138.88,3015.81,2892.74,2769.67,2585.35,2401.03,2216.71,2032.39,1859.09,1685.79,1512.49,1311.64,1072.22,832.8,593.38,353.96,114.54,-124.88,-364.3,-603.72,-843.14,-1126.64,-1465.24,-1858.94,-2362.84,-2866.74,-3315.54,-3709.24,-4047.84,-4386.44,-4271.6844,4513.7892,4403.5784,4293.3676,4183.1568,4072.946,3962.7352,3852.5244,3742.3136,3632.1028,3521.892,3411.6812,3301.4704,3191.2596,3081.0488,2970.838,2860.6272,2750.4164,2640.2056,2529.9948,2419.784,2309.5732,2199.3624,2089.1516,1978.9408,1868.73,1758.5192,1648.3084,1538.0976,1427.8868,1317.676,1207.4652,1097.2544,987.0436,876.8328,766.622,656.4112,546.2004,435.9896,325.7788,215.568,235.8572,89,33,11,32,5,78,39,33,25,92,82,37,59,53,100,8,1,67,90,7,13,76,23,54,73,63,62,40,23,73,61,49,7,6,51,14,32,50,25,90,130.5,138.5,138.5,138.5,138.5,138.62,138.62,138.62,138.62,123.07,123.07,123.07,123.07,123.07,184.32,184.32,184.32,184.32,173.3,173.3,173.3,200.85,239.42,239.42,239.42,239.42,239.42,239.42,239.42,239.42,239.42,283.5,338.6,393.7,503.9,503.9,448.8,393.7,338.6,338.6,15.7444,12.8,10.4286,15.7444
PUSH PPC,HENNEZ,B0919PZ9S5,X001CES1ST,"Laundry basket felt, laundry Hamper (Light Grey)",100,873.6,692.5296,73,-0.207269231,0.035725,45,50,3348,177,15,3156,44,3275.2,3202.4,3129.6,3056.8,2984,2911.2,2838.4,2765.6,2692.8,2620,2547.2,2474.4,2401.6,2328.8,2240.6,2152.4,2064.2,1976,1875.2,1761.8,1648.4,1535,1409,1283,1157,1031,905,753.8,602.6,451.4,300.2,98.6,-103,-304.6,-506.2,-707.8,-909.4,-1111,-1249.6,-1451.2,-1386.6444,3290.2892,3232.5784,3174.8676,3117.1568,3059.446,3001.7352,2944.0244,2886.3136,2828.6028,2770.892,2713.1812,2655.4704,2597.7596,2540.0488,2482.338,2424.6272,2366.9164,2309.2056,2251.4948,2193.784,2136.0732,2078.3624,2020.6516,1962.9408,1905.23,1847.5192,1789.8084,1732.0976,1674.3868,1616.676,1558.9652,1501.2544,1443.5436,1385.8328,1328.122,1270.4112,1212.7004,1154.9896,1097.2788,1039.568,1054.6572,24,53,89,46,100,68,17,35,37,25,83,29,98,12,10,21,2,17,92,12,27,91,17,10,14,63,41,91,29,100,24,3,16,63,97,16,76,34,86,44,72.8,72.8,72.8,72.8,72.8,72.8,72.8,72.8,72.8,72.8,72.8,72.8,72.8,72.8,88.2,88.2,88.2,88.2,100.8,113.4,113.4,113.4,126,126,126,126,126,151.2,151.2,151.2,151.2,201.6,201.6,201.6,201.6,201.6,201.6,201.6,138.6,201.6,8.2444,4,4.1429,8.2444
REORDER,Exitoso,B08S3NZSMY,X001APZCO1,The Original I Zester Lemon Grater (Set of 2),120,498.75,389.1972,63,-0.219654737,-0.293541687,31,51,1257,107,42,1150,18,1214.44,1171.88,1129.32,1086.76,1044.2,1001.64,961.74,919.18,876.62,836.72,796.82,758.25,719.68,681.11,551.435,416.76,277.085,132.41,-35.44,-203.29,-371.14,-538.99,-717.14,-895.29,-1073.44,-1251.59,-1429.74,-1628.49,-1827.24,-2025.99,-2224.74,-2446.665,-2668.59,-2890.515,-3112.44,-3367.84,-3623.24,-3860.615,-4097.99,-4332.79,-4294.8633,1224.5669,1192.1338,1159.7007,1127.2676,1094.8345,1062.4014,1029.9683,997.5352,965.1021,932.669,900.2359,867.8028,835.3697,802.9366,770.5035,738.0704,705.6373,673.2042,640.7711,608.338,575.9049,543.4718,511.0387,478.6056,446.1725,413.7394,381.3063,348.8732,316.4401,284.007,251.5739,219.1408,186.7077,154.2746,121.8415,89.4084,56.9753,24.5422,-7.8909,-40.324,-30.1971,85,5,2,62,35,4,99,1,14,89,4,97,26,79,75,59,69,90,95,79,26,52,55,49,69,40,99,19,100,16,47,88,37,63,53,75,26,6,74,58,42.56,42.56,42.56,42.56,42.56,42.56,39.9,42.56,42.56,39.9,39.9,38.57,38.57,38.57,129.675,134.675,139.675,144.675,167.85,167.85,167.85,167.85,178.15,178.15,178.15,178.15,178.15,198.75,198.75,198.75,198.75,221.925,221.925,221.925,221.925,255.4,255.4,237.375,237.375,234.8,4.6333,3.0333,2.1429,4.6333
0,HENNEZ,B0919NBZ99,X001CEOBPV,"Laundry basket felt, laundry Hamper (Dark Grey)",100,1209.6,935.1972,46,-0.226854167,-0.8660625,42,48,3840,1,7,3832,9,3739.2,3638.4,3537.6,3436.8,3336,3235.2,3134.4,3033.6,2932.8,2832,2731.2,2630.4,2529.6,2428.8,2309.1,2189.4,2069.7,1950,1813.2,1659.3,1505.4,1351.5,1180.5,1009.5,838.5,667.5,496.5,291.3,86.1,-119.1,-324.3,-597.9,-871.5,-1145.1,-1418.7,-1692.3,-1965.9,-2239.5,-2427.6,-2701.2,-2611.5333,3762.0669,3684.1338,3606.2007,3528.2676,3450.3345,3372.4014,3294.4683,3216.5352,3138.6021,3060.669,2982.7359,2904.8028,2826.8697,2748.9366,2671.0035,2593.0704,2515.1373,2437.2042,2359.2711,2281.338,2203.4049,2125.4718,2047.5387,1969.6056,1891.6725,1813.7394,1735.8063,1657.8732,1579.9401,1502.007,1424.0739,1346.1408,1268.2077,1190.2746,1112.3415,1034.4084,956.4753,878.5422,800.6091,722.676,745.5429,19,62,75,8,68,51,94,39,19,1,69,29,96,21,96,11,75,72,20,95,23,15,68,80,87,46,11,10,16,29,37,53,71,100,3,83,71,84,29,15,100.8,100.8,100.8,100.8,100.8,100.8,100.8,100.8,100.8,100.8,100.8,100.8,100.8,100.8,119.7,119.7,119.7,119.7,136.8,153.9,153.9,153.9,171,171,171,171,171,205.2,205.2,205.2,205.2,273.6,273.6,273.6,273.6,273.6,273.6,273.6,188.1,273.6,11.1333,3.2,0.4286,11.1333
0,HENNEZ,B08BXRMFSZ,X001753NXV,Standing Toilet Paper Holder / Storage,125,3928.1,3017.4648,37,-0.23182587,-0.15287869,35,47,8668,604,41,8064,33,8353.7,8027.4,7701.1,7374.8,7048.5,6718.7,6388.9,6059.1,5729.3,5399.5,5069.7,4739.9,4410.1,4080.3,3680.5,3282.2,2883.9,2485.6,1973.5,1461.4,949.3,437.2,-131.8,-757.7,-1383.6,-2009.5,-2635.4,-3318.2,-4001,-4683.8,-5366.6,-6163.2,-6959.8,-7756.4,-8553,-9463.4,-10373.8,-11284.2,-11967,-12877.4,-12599.0222,8416.5446,8165.0892,7913.6338,7662.1784,7410.723,7159.2676,6907.8122,6656.3568,6404.9014,6153.446,5901.9906,5650.5352,5399.0798,5147.6244,4896.169,4644.7136,4393.2582,4141.8028,3890.3474,3638.892,3387.4366,3135.9812,2884.5258,2633.0704,2381.615,2130.1596,1878.7042,1627.2488,1375.7934,1124.338,872.8826,621.4272,369.9718,118.5164,-132.939,-384.3944,-635.8498,-887.3052,-1138.7606,-1390.216,-1327.3714,72,54,97,90,21,46,6,4,7,53,5,99,57,5,71,97,5,33,70,53,27,70,72,48,96,25,32,29,34,54,36,43,36,42,37,88,57,45,86,9,314.3,326.3,326.3,326.3,326.3,329.8,329.8,329.8,329.8,329.8,329.8,329.8,329.8,329.8,399.8,398.3,398.3,398.3,512.1,512.1,512.1,512.1,569,625.9,625.9,625.9,625.9,682.8,682.8,682.8,682.8,796.6,796.6,796.6,796.6,910.4,910.4,910.4,682.8,910.4,35.9222,31.3667,26.5714,35.9222
0,Exitoso,B08C5B31DZ,X00177NCAX,The Original I 3 L Pedal Waste Bin for the Bathroom (White),135,1275.3,960.3972,37,-0.246924488,-0.03789807,41,41,3613,274,100,3339,2,3496,3379,3262,3145,3028,2911,2794,2680.9,2571.7,2474.2,2396.2,2337.7,2269.45,2201.2,2088.35,1975.5,1862.65,1749.8,1630.85,1496.65,1347.2,1188.6,1020.85,847,673.15,499.3,307.15,111.95,-83.25,-284.55,-491.95,-735.95,-979.95,-1223.95,-1483.2,-1772.95,-2032.2,-2276.2,-2520.2,-2733.7,-2626.6222,3532.9669,3452.9338,3372.9007,3292.8676,3212.8345,3132.8014,3052.7683,2972.7352,2892.7021,2812.669,2732.6359,2652.6028,2572.5697,2492.5366,2412.5035,2332.4704,2252.4373,2172.4042,2092.3711,2012.338,1932.3049,1852.2718,1772.2387,1692.2056,1612.1725,1532.1394,1452.1063,1372.0732,1292.0401,1212.007,1131.9739,1051.9408,971.9077,891.8746,811.8415,731.8084,651.7753,571.7422,491.7091,411.676,448.6429,70,55,79,39,26,49,67,49,74,70,4,100,56,90,86,64,90,60,37,21,6,2,80,96,77,15,55,95,15,22,91,10,32,14,87,90,71,9,15,17,117,117,117,117,117,117,117,113.1,109.2,97.5,78,58.5,68.25,68.25,112.85,112.85,112.85,112.85,118.95,134.2,149.45,158.6,167.75,173.85,173.85,173.85,192.15,195.2,195.2,201.3,207.4,244,244,244,259.25,289.75,259.25,244,244,213.5,9.9222,11.4333,11,11.4333
0,Exitoso,B07D7X6ZBW,X000URNQ7F,3-Piece Innovative Chopping Board Set (Grey/Black Plastic),105,2107.4,1529.7324,85,-0.274113884,-0.364204297,42,43,7607,346,57,7261,60,7463.8,7300,7124.6,6937.6,6750.6,6563.6,6353.4,6143.2,5944.6,5769.2,5628.6,5499.6,5359,5218.4,4941.4,4664.4,4361,4057.6,3675,3292.4,2909.8,2474.4,2091.8,1788.4,1485,1181.6,851.8,548.4,245,-58.4,-414.6,-823.6,-1232.6,-1641.6,-2077,-2565.2,-3027,-3409.6,-3739.4,-4069.2,-3944.2111,7479.5223,7352.0446,7224.5669,7097.0892,6969.6115,6842.1338,6714.6561,6587.1784,6459.7007,6332.223,6204.7453,6077.2676,5949.7899,5822.3122,5694.8345,5567.3568,5439.8791,5312.4014,5184.9237,5057.446,4929.9683,4802.4906,4675.0129,4547.5352,4420.0575,4292.5798,4165.1021,4037.6244,3910.1467,3782.669,3655.1913,3527.7136,3400.2359,3272.7582,3145.2805,3017.8028,2890.3251,2762.8474,2635.3697,2507.892,2523.6143,45,77,74,64,99,79,13,39,95,92,74,81,96,45,4,56,87,62,21,82,58,80,94,56,64,69,90,10,81,35,77,65,92,99,59,5,42,78,76,57,143.2,163.8,175.4,187,187,187,210.2,210.2,198.6,175.4,140.6,129,140.6,140.6,277,277,303.4,303.4,382.6,382.6,382.6,435.4,382.6,303.4,303.4,303.4,329.8,303.4,303.4,303.4,356.2,409,409,409,435.4,488.2,461.8,382.6,329.8,329.8,18.2111,12.1333,7.7143,18.2111
0,HENNEZ,B089GYB2H2,X0016PPZY7,XXL Laundry Basket with Lid 100 L Removable Bag (Dark Grey),145,7146,5110.9296,53,-0.284784551,-0.058053785,44,49,12561,970,18,11591,15862,12013,11417,10821,10225,9629,9027,8425,7823,7221,6619,6017,5415,4813,4211,3404.25,14455.5,13634.75,12814,11876,14810.75,13755.5,12700.25,11527.75,10355.25,9182.75,8010.25,6837.75,5430.75,4023.75,2616.75,1209.75,-666.25,-2542.25,-4418.25,-6294.25,-8287.5,-10280.75,-12274,-13563.75,-15557,-15069.8444,12135.0892,11709.1784,11283.2676,10857.3568,10431.446,10005.5352,9579.6244,9153.7136,8727.8028,8301.892,7875.9812,7450.0704,7024.1596,6598.2488,6172.338,17618.4272,17192.5164,16766.6056,16340.6948,19904.784,19478.8732,19052.9624,18627.0516,18201.1408,17775.23,17349.3192,16923.4084,16497.4976,16071.5868,15645.676,15219.7652,14793.8544,14367.9436,13942.0328,13516.122,13090.2112,12664.3004,12238.3896,11812.4788,11386.568,11508.6572,100,97,35,47,33,66,40,24,30,67,67,40,31,54,54,11872,34,74,26,3990,62,82,60,9,48,66,75,43,20,95,33,12,28,41,51,41,64,94,63,89,548,596,596,596,596,602,602,602,602,602,602,602,602,602,806.75,820.75,820.75,820.75,938,1055.25,1055.25,1055.25,1172.5,1172.5,1172.5,1172.5,1172.5,1407,1407,1407,1407,1876,1876,1876,1876,1993.25,1993.25,1993.25,1289.75,1993.25,60.8444,50.2,47.2857,60.8444
PUSH PPC,HENNEZ,B08R65FWFD,X001AIMRUZ,Laundry Basket Foldable 40 L Ideal as Storage Basket for IKEA Kallax (Light Grey/Beige),145,1465.3,1025.7324,22,-0.299984713,-0.172416647,18,18,2869,338,40,2531,6688,2756.2,2631.4,2506.6,2381.8,2257,2128.2,1999.4,1870.6,1741.8,1629.1,1516.4,1403.7,1291,1178.3,1023.6,5884.9,5730.2,5575.5,5398.7,6893.9,6717.1,6540.3,6319.3,6098.3,5877.3,5656.3,5435.3,5170.1,4904.9,4595.5,4286.1,3932.5,3578.9,3225.3,2871.7,2518.1,2164.5,1810.9,1545.7,1192.1,1292.6889,2783.5223,2698.0446,2612.5669,2527.0892,2441.6115,2356.1338,2270.6561,2185.1784,2099.7007,2014.223,1928.7453,1843.2676,1757.7899,1672.3122,1586.8345,6517.3568,6431.8791,6346.4014,6260.9237,7847.446,7761.9683,7676.4906,7591.0129,7505.5352,7420.0575,7334.5798,7249.1021,7163.6244,7078.1467,6992.669,6907.1913,6821.7136,6736.2359,6650.7582,6565.2805,6479.8028,6394.3251,6308.8474,6223.3697,6137.892,6165.2143,59,33,66,57,30,68,70,36,14,40,52,64,74,15,47,5016,74,53,34,1672,26,15,52,83,44,97,98,42,53,32,3,18,34,15,19,62,38,59,94,5,112.8,124.8,124.8,124.8,124.8,128.8,128.8,128.8,128.8,112.7,112.7,112.7,112.7,112.7,154.7,154.7,154.7,154.7,176.8,176.8,176.8,176.8,221,221,221,221,221,265.2,265.2,309.4,309.4,353.6,353.6,353.6,353.6,353.6,353.6,353.6,265.2,353.6,12.2111,9.6667,8,12.2111
0,Atacama,B088BMKHQW,X0016EFFDJ,Walking Poles Rubber Buffers - [Pack of 10] - Black,120,4215.6,2784.0036,82,-0.339594933,0.069125806,34,49,8560,636,293,7631,21,8302,7993,7684,7375,7066,6664,6262,5860,5458,5086.8,4715.6,4344.4,3973.2,3602,3133.25,2664.5,2195.75,1727,1255.25,783.5,311.75,-160,-608.5,-1057,-1505.5,-1954,-2350.25,-2699.5,-3048.75,-3398,-3747.25,-4077.25,-4407.25,-4737.25,-5067.25,-5344.125,-5621,-5897.875,-6173.75,-6449.625,-6222.5583,8327.9997,8095.9994,7863.9991,7631.9988,7399.9985,7167.9982,6935.9979,6703.9976,6471.9973,6239.997,6007.9967,5775.9964,5543.9961,5311.9958,5079.9955,4847.9952,4615.9949,4383.9946,4151.9943,3919.994,3687.9937,3455.9934,3223.9931,2991.9928,2759.9925,2527.9922,2295.9919,2063.9916,1831.9913,1599.991,1367.9907,1135.9904,903.9901,671.9898,439.9895,207.9892,-24.0111,-256.0114,-488.0117,-720.012,-694.0123,63,47,35,79,43,83,71,49,66,56,31,48,2,42,19,38,11,89,20,92,58,24,97,55,38,27,65,84,41,16,82,92,72,3,71,58,58,49,13,71,258,309,309,309,309,402,402,402,402,371.2,371.2,371.2,371.2,371.2,468.75,468.75,468.75,468.75,471.75,471.75,471.75,471.75,448.5,448.5,448.5,448.5,396.25,349.25,349.25,349.25,349.25,330,330,330,330,276.875,276.875,276.875,275.875,275.875,30.9333,31,33.1429,33.1429
PUSH PPC,Exitoso,B0867DRDSW,X00160IM01,The Original I Chopping Board Made of Wheat Straw Zero Waste (Beige),105,569.2,353.7324,93,-0.378544624,-0.150257325,23,20,3987,123,1,3864,47,3943.6,3895.2,3846.8,3798.4,3750,3699.4,3648.8,3598.2,3549.8,3503.6,3459.6,3417.8,3376,3332,3267,3198.4,3129.8,3057.6,2985.4,2913.2,2841,2768.8,2700.2,2631.6,2563,2490.8,2415,2335.6,2252.6,2166,2075.8,1982,1884.6,1783.6,1682.6,1581.6,1480.6,1386.8,1296.6,1206.4,1245.5889,3957.5223,3928.0446,3898.5669,3869.0892,3839.6115,3810.1338,3780.6561,3751.1784,3721.7007,3692.223,3662.7453,3633.2676,3603.7899,3574.3122,3544.8345,3515.3568,3485.8791,3456.4014,3426.9237,3397.446,3367.9683,3338.4906,3309.0129,3279.5352,3250.0575,3220.5798,3191.1021,3161.6244,3132.1467,3102.669,3073.1913,3043.7136,3014.2359,2984.7582,2955.2805,2925.8028,2896.3251,2866.8474,2837.3697,2807.892,2821.8143,42,18,25,5,86,4,31,30,88,24,57,77,26,89,76,13,27,67,68,90,2,100,62,57,61,83,79,44,39,91,22,10,15,57,70,98,98,74,21,21,43.4,48.4,48.4,48.4,48.4,50.6,50.6,50.6,48.4,46.2,44,41.8,41.8,44,65,68.6,68.6,72.2,72.2,72.2,72.2,72.2,68.6,68.6,68.6,72.2,75.8,79.4,83,86.6,90.2,93.8,97.4,101,101,101,101,93.8,90.2,90.2,4.2111,3.8667,3.2857,4.2111
0,GustoVac,B0711BF914,Same As ASIN,Premium Vacuum Bags - Transparent (100 Per Bag - 25x35 cm),45,399.15,246.3972,56,-0.382695227,-0.473684211,27,37,497,57,55,440,10,467,434.9,402.8,370.7,338.6,306.5,274.4,242.3,210.2,172.75,135.3,97.85,60.4,22.95,-49.5,-121.95,-194.4,-266.85,-349.65,-432.45,-515.25,-598.05,-691.2,-784.35,-877.5,-970.65,-1063.8,-1188,-1312.2,-1457.1,-1602,-1767.6,-1933.2,-2098.8,-2264.4,-2450.7,-2637,-2823.3,-2947.5,-3133.8,-3106.7333,476.4669,455.9338,435.4007,414.8676,394.3345,373.8014,353.2683,332.7352,312.2021,291.669,271.1359,250.6028,230.0697,209.5366,189.0035,168.4704,147.9373,127.4042,106.8711,86.338,65.8049,45.2718,24.7387,4.2056,-16.3275,-36.8606,-57.3937,-77.9268,-98.4599,-118.993,-139.5261,-160.0592,-180.5923,-201.1254,-221.6585,-242.1916,-262.7247,-283.2578,-303.7909,-324.324,-314.8571,7,41,2,15,68,84,50,14,39,89,53,43,4,65,49,27,47,86,61,89,2,39,70,90,65,79,66,76,18,81,98,8,38,79,14,96,50,89,14,51,30,32.1,32.1,32.1,32.1,32.1,32.1,32.1,32.1,37.45,37.45,37.45,37.45,37.45,72.45,72.45,72.45,72.45,82.8,82.8,82.8,82.8,93.15,93.15,93.15,93.15,93.15,124.2,124.2,144.9,144.9,165.6,165.6,165.6,165.6,186.3,186.3,186.3,124.2,186.3,2.9333,1.9,1,2.9333
URGENT REORDER,GustoVac,B09JX216L7,Same As ASIN,ProLine Vacuum Bags Smooth - Pack of 100 (25 x 35 cm) ,45,275.7,168,98,-0.390642002,0.578905818,13,14,15,7,3,5,55,-5.4,-27.6,-49.8,-72,-94.2,-116.4,-138.6,-160.8,-183,-208.9,-234.8,-260.7,-286.6,-312.5,-338.4,-364.3,-390.2,-416.1,-445.7,-475.3,-504.9,-534.5,-567.8,-601.1,-634.4,-667.7,-701,-745.4,-789.8,-841.6,-893.4,-952.6,-1011.8,-1071,-1130.2,-1196.8,-1263.4,-1330,-1374.4,-1441,-1421.7333,1,-13,-27,-41,-55,-69,-83,-97,-111,-125,-139,-153,-167,-181,-195,-209,-223,-237,-251,-265,-279,-293,-307,-321,-335,-349,-363,-377,-391,-405,-419,-433,-447,-461,-475,-489,-503,-517,-531,-545,-538.6,19,92,59,38,11,79,42,21,12,75,56,82,56,39,59,59,56,15,23,8,60,42,16,46,3,70,28,31,12,24,68,91,90,13,31,32,31,15,83,66,20.4,22.2,22.2,22.2,22.2,22.2,22.2,22.2,22.2,25.9,25.9,25.9,25.9,25.9,25.9,25.9,25.9,25.9,29.6,29.6,29.6,29.6,33.3,33.3,33.3,33.3,33.3,44.4,44.4,51.8,51.8,59.2,59.2,59.2,59.2,66.6,66.6,66.6,44.4,66.6,1.1333,1.2667,2,2
0,HENNEZ,B089HY9N9G,X0016PJ5RP,XXL Laundry Basket with Lid 100 L Removable Bag (Beige),145,4944,2912.0028,47,-0.41100267,-0.211036603,42,45,8540,689,64,7851,8400,8156,7744,7332,6920,6508,6092,5676,5260,4844,4428,4012,3596,3180,2764,2214.5,7965,7415.5,6866,6238,7631.5,6925,6218.5,5433.5,4648.5,3863.5,3078.5,2293.5,1351.5,409.5,-532.5,-1474.5,-2730.5,-3986.5,-5242.5,-6498.5,-7833,-9167.5,-10502,-11365.5,-12700,-12350.6667,8297.3331,8054.6662,7811.9993,7569.3324,7326.6655,7083.9986,6841.3317,6598.6648,6355.9979,6113.331,5870.6641,5627.9972,5385.3303,5142.6634,4899.9965,10957.3296,10714.6627,10471.9958,10229.3289,12086.662,11843.9951,11601.3282,11358.6613,11115.9944,10873.3275,10630.6606,10387.9937,10145.3268,9902.6599,9659.993,9417.3261,9174.6592,8931.9923,8689.3254,8446.6585,8203.9916,7961.3247,7718.6578,7475.9909,7233.324,7374.6571,38,58,44,10,89,73,46,75,64,66,33,85,45,3,76,6300,17,70,9,2100,42,75,9,29,79,68,46,18,50,7,36,38,75,96,21,6,13,15,25,7,384,412,412,412,412,416,416,416,416,416,416,416,416,416,549.5,549.5,549.5,549.5,628,706.5,706.5,706.5,785,785,785,785,785,942,942,942,942,1256,1256,1256,1256,1334.5,1334.5,1334.5,863.5,1334.5,34.6667,29.3333,23.1429,34.6667
URGENT REORDER,HENNEZ,B08R65YV3Y,X001AILFNF,Laundry Basket Foldable 40 L Ideal as Storage Basket for IKEA Kallax (Dark Grey),145,2222.5,1299.2028,57,-0.415431811,-0.171335865,24,29,2221,423,49,1798,6688,2049,1861,1673,1485,1297,1101,905,709,513,341.5,170,-1.5,-173,-344.5,-617.5,4125.5,3852.5,3579.5,3267.5,4627.5,4315.5,4003.5,3613.5,3223.5,2833.5,2443.5,2053.5,1585.5,1117.5,571.5,25.5,-598.5,-1222.5,-1846.5,-2470.5,-3094.5,-3718.5,-4342.5,-4810.5,-5434.5,-5277.9667,2112.7331,2004.4662,1896.1993,1787.9324,1679.6655,1571.3986,1463.1317,1354.8648,1246.5979,1138.331,1030.0641,921.7972,813.5303,705.2634,596.9965,5504.7296,5396.4627,5288.1958,5179.9289,6743.662,6635.3951,6527.1282,6418.8613,6310.5944,6202.3275,6094.0606,5985.7937,5877.5268,5769.2599,5660.993,5552.7261,5444.4592,5336.1923,5227.9254,5119.6585,5011.3916,4903.1247,4794.8578,4686.5909,4578.324,4642.0571,94,23,94,23,57,24,90,17,59,67,82,29,40,22,2,5016,98,41,8,1672,91,50,44,71,87,48,69,23,21,5,50,81,60,100,84,81,49,12,77,93,172,188,188,188,188,196,196,196,196,171.5,171.5,171.5,171.5,171.5,273,273,273,273,312,312,312,312,390,390,390,390,390,468,468,546,546,624,624,624,624,624,624,624,468,624,15.4667,11.0333,9.1429,15.4667
URGENT REORDER // PO COMING,Atacama,B0842TSPGB,Same As ASIN,"Running Backpack, Small, Light without Drinking bladder (Blue)",135,1053.655,611.9988,69,-0.419165856,0.324672727,28,40,1054,176,128,750,345,982.8,908.25,833.7,1104.15,1029.6,954.525,861.575,775.775,675.675,575.575,460.46,345.345,230.23,115.115,12.915,-81.985,-168.855,-255.725,-342.595,-429.465,-516.335,-596.635,-669.635,-738.109,-806.583,-864.983,-916.083,-959.883,-995.653,-1031.423,-1067.193,-1102.963,-1138.733,-1174.503,-1218.303,-1262.103,-1305.903,-1342.403,-1378.903,-1408.103,-1340.9808,1003.0001,952.0002,901.0003,1195.0004,1144.0005,1093.0006,1042.0007,991.0008,940.0009,889.001,838.0011,787.0012,736.0013,685.0014,634.0015,583.0016,532.0017,481.0018,430.0019,379.002,328.0021,277.0022,226.0023,175.0024,124.0025,73.0026,22.0027,-28.9972,-79.9971,-130.997,-181.9969,-232.9968,-283.9967,-334.9966,-385.9965,-436.9964,-487.9963,-538.9962,-589.9961,-640.996,-620.7959,68,75,75,345,43,34,17,72,28,17,85,39,74,56,17,32,87,44,44,98,76,10,44,84,96,16,70,82,98,92,28,84,53,8,26,87,24,39,85,59,71.2,74.55,74.55,74.55,74.55,75.075,92.95,85.8,100.1,100.1,115.115,115.115,115.115,115.115,102.2,94.9,86.87,86.87,86.87,86.87,86.87,80.3,73,68.474,68.474,58.4,51.1,43.8,35.77,35.77,35.77,35.77,35.77,35.77,43.8,43.8,43.8,36.5,36.5,29.2,4.0778,5.5,7.2857,7.2857
REORDER // PO COMING,Atacama,B0842V5BRR,Same As ASIN,"Backpack for Running, cycling with an optional 2L Water Bag (Red)",135,689.6,348.0036,47,-0.495354408,0.614095921,36,38,931,59,90,872,510,884.1,837.2,790.3,1253.4,1203.4,1148.4,1083.4,1013.4,936.4,871.4,811.4,751.4,691.4,631.4,555.5,486.5,417.5,348.5,279.5,210.5,148.4,86.3,24.2,-31,-79.3,-117.94,-152.44,-180.04,-207.64,-228.34,-249.04,-269.74,-290.44,-313.9,-341.5,-373.24,-404.98,-436.72,-468.46,-489.16,-444.7933,901.9997,872.9994,843.9991,1324.9988,1295.9985,1266.9982,1237.9979,1208.9976,1179.9973,1150.997,1121.9967,1092.9964,1063.9961,1034.9958,1005.9955,976.9952,947.9949,918.9946,889.9943,860.994,831.9937,802.9934,773.9931,744.9928,715.9925,686.9922,657.9919,628.9916,599.9913,570.991,541.9907,512.9904,483.9901,454.9898,425.9895,396.9892,367.9889,338.9886,309.9883,280.988,298.8877,2,25,1,510,80,59,57,14,48,35,95,71,6,60,1,40,46,97,1,9,35,52,45,89,79,65,85,83,7,7,98,47,30,75,79,75,6,66,62,55,46.9,46.9,46.9,46.9,50,55,65,70,77,65,60,60,60,60,75.9,69,69,69,69,69,62.1,62.1,62.1,55.2,48.3,38.64,34.5,27.6,27.6,20.7,20.7,20.7,20.7,23.46,27.6,31.74,31.74,31.74,31.74,20.7,2.5333,2.5667,4.1429,4.1429
0,GustoVac,B09JXJ2VC2,Same As ASIN,ProLine Smooth Vacuum Bags - Pack of 100 (30 x 40 cm) ,45,81.9,36.3972,59,-0.555589744,-0.64275,25,40,83,83,72,28,1,77,70.4,63.8,57.2,50.6,44,37.4,30.8,24.2,16.5,8.8,1.1,-6.6,-14.3,-22,-29.7,-37.4,-45.1,-53.9,-62.7,-71.5,-80.3,-90.2,-100.1,-110,-119.9,-129.8,-143,-156.2,-171.6,-187,-204.6,-222.2,-239.8,-257.4,-277.2,-297,-316.8,-330,-349.8,-344.2333,79.9669,76.9338,73.9007,70.8676,67.8345,64.8014,61.7683,58.7352,55.7021,52.669,49.6359,46.6028,43.5697,40.5366,37.5035,34.4704,31.4373,28.4042,25.3711,22.338,19.3049,16.2718,13.2387,10.2056,7.1725,4.1394,1.1063,-1.9268,-4.9599,-7.993,-11.0261,-14.0592,-17.0923,-20.1254,-23.1585,-26.1916,-29.2247,-32.2578,-35.2909,-38.324,-35.3571,71,48,61,21,25,29,57,8,18,1,45,10,24,45,95,25,25,30,16,87,53,73,56,53,47,21,76,31,48,81,56,76,90,96,24,79,93,59,4,19,6,6.6,6.6,6.6,6.6,6.6,6.6,6.6,6.6,7.7,7.7,7.7,7.7,7.7,7.7,7.7,7.7,7.7,8.8,8.8,8.8,8.8,9.9,9.9,9.9,9.9,9.9,13.2,13.2,15.4,15.4,17.6,17.6,17.6,17.6,19.8,19.8,19.8,13.2,19.8,0.4333,0.4,0.1429,0.4333
URGENT REORDER,Atacama,B06X6LK494,Same As ASIN,"Backpack for Running, Cycling, Bike, Hiking, Camping, Without Water Bubble (Red)",135,150.5,65.3352,77,-0.56587907,-0.523833333,30,32,296,55,1,240,69,285.5,275,264.5,254,243.5,229.5,215.5,201.5,187.5,173.5,159.5,145.5,131.5,117.5,83.91,50.32,16.73,-16.86,-48.344,-79.828,-111.312,-142.796,-167.28,-191.764,-216.248,-240.732,-262.372,-280.852,-296.172,-308.332,-318.912,-329.492,-340.072,-352.232,-364.392,-376.552,-387.712,-398.872,-408.452,-419.612,-409.8898,290.5554,285.1108,279.6662,274.2216,268.777,263.3324,257.8878,252.4432,246.9986,241.554,236.1094,230.6648,225.2202,219.7756,214.331,208.8864,203.4418,197.9972,192.5526,187.108,181.6634,176.2188,170.7742,165.3296,159.885,154.4404,148.9958,143.5512,138.1066,132.662,127.2174,121.7728,116.3282,110.8836,105.439,99.9944,94.5498,89.1052,83.6606,78.216,83.2714,9,51,76,70,76,24,45,69,54,90,20,84,88,9,76,37,8,70,22,63,52,27,78,42,29,62,18,42,6,27,42,84,14,63,15,29,29,77,8,29,10.5,10.5,10.5,10.5,10.5,14,14,14,14,14,14,14,14,14,33.59,33.59,33.59,33.59,31.484,31.484,31.484,31.484,24.484,24.484,24.484,24.484,21.64,18.48,15.32,12.16,10.58,10.58,10.58,12.16,12.16,12.16,11.16,11.16,9.58,11.16,0.7778,0.6,0.2857,0.7778
URGENT REORDER // PO COMING,Atacama,B07YRPTTJQ,Same As ASIN,Packing Cube Set with Compression / Packing Bags Set of 4 with Wet & Dirty Laundry Compartment (Black),135,453.97,190.4028,23,-0.580582858,-0.742845143,13,13,2,36,2,4,1000,-17.8,-37.6,-57.4,922.8,900.8,872.2,843.6,810.6,775.4,699.61,623.82,548.03,472.24,396.45,232.77,69.09,-96.59,-262.27,-427.95,-593.63,-731.53,-859.08,-983.13,-1106.18,-1229.23,-1352.28,-1475.33,-1561.98,-1648.63,-1734.28,-1819.93,-1854.79,-1889.65,-1925.51,-1973.76,-2023.01,-2072.26,-2110.89,-2141.44,-2170.99,-2153.4567,-13.8669,-29.7338,-45.6007,938.5324,922.6655,906.7986,890.9317,875.0648,859.1979,843.331,827.4641,811.5972,795.7303,779.8634,763.9965,748.1296,732.2627,716.3958,700.5289,684.662,668.7951,652.9282,637.0613,621.1944,605.3275,589.4606,573.5937,557.7268,541.8599,525.993,510.1261,494.2592,478.3923,462.5254,446.6585,430.7916,414.9247,399.0578,383.1909,367.324,371.2571,12,18,93,1000,7,27,41,74,35,67,35,73,78,22,16,54,8,8,86,45,39,100,66,72,67,88,49,15,93,76,80,84,59,29,42,12,65,83,35,75,19.8,19.8,19.8,19.8,22,28.6,28.6,33,35.2,75.79,75.79,75.79,75.79,75.79,163.68,163.68,165.68,165.68,165.68,165.68,137.9,127.55,124.05,123.05,123.05,123.05,123.05,86.65,86.65,85.65,85.65,34.86,34.86,35.86,48.25,49.25,49.25,38.63,30.55,29.55,2.2667,1.6667,0.4286,2.2667
0,GustoVac,B01N0W2TEB,Same As ASIN,Premium Vacuum Bags (100 Per Bag - 30x40 cm),45,367.95,146.5296,47,-0.601767631,0.318680051,28,30,571,41,27,530,25,544,517,490,463,436,409,382,355,328,286.35,244.7,203.05,161.4,119.75,43.1,-33.55,-110.2,-186.85,-274.45,-362.05,-449.65,-537.25,-635.8,-734.35,-832.9,-931.45,-1030,-1161.4,-1292.8,-1446.1,-1599.4,-1774.6,-1949.8,-2125,-2300.2,-2497.3,-2694.4,-2891.5,-3022.9,-3220,-3194.7444,558.7892,546.5784,534.3676,522.1568,509.946,497.7352,485.5244,473.3136,461.1028,448.892,436.6812,424.4704,412.2596,400.0488,387.838,375.6272,363.4164,351.2056,338.9948,326.784,314.5732,302.3624,290.1516,277.9408,265.73,253.5192,241.3084,229.0976,216.8868,204.676,192.4652,180.2544,168.0436,155.8328,143.622,131.4112,119.2004,106.9896,94.7788,82.568,97.3572,54,2,87,97,31,26,6,98,58,42,86,90,52,11,50,98,52,95,100,57,53,21,38,43,11,62,14,49,2,36,8,28,58,51,3,88,95,9,34,87,27,27,27,27,27,27,27,27,27,41.65,41.65,41.65,41.65,41.65,76.65,76.65,76.65,76.65,87.6,87.6,87.6,87.6,98.55,98.55,98.55,98.55,98.55,131.4,131.4,153.3,153.3,175.2,175.2,175.2,175.2,197.1,197.1,197.1,131.4,197.1,1.7444,0.8667,1.1429,1.7444
URGENT REORDER,GustoVac,B09JXRX9TF,Same As ASIN,ProLine Vacuum Bags Smooth - Pack of 100 (20 x 30 cm),45,324.15,118.5324,29,-0.634328552,-0.761833333,13,13,87,47,14,96,60,-24,-50.1,-76.2,-102.3,-128.4,-154.5,-180.6,-206.7,-232.8,-263.25,-293.7,-324.15,-354.6,-385.05,-415.5,-445.95,-476.4,-506.85,-541.65,-576.45,-611.25,-646.05,-685.2,-724.35,-763.5,-802.65,-841.8,-894,-946.2,-1007.1,-1068,-1137.6,-1207.2,-1276.8,-1346.4,-1424.7,-1503,-1581.3,-1633.5,-1711.8,-1689.2111,-9.8777,-19.7554,-29.6331,-39.5108,-49.3885,-59.2662,-69.1439,-79.0216,-88.8993,-98.777,-108.6547,-118.5324,-128.4101,-138.2878,-148.1655,-158.0432,-167.9209,-177.7986,-187.6763,-197.554,-207.4317,-217.3094,-227.1871,-237.0648,-246.9425,-256.8202,-266.6979,-276.5756,-286.4533,-296.331,-306.2087,-316.0864,-325.9641,-335.8418,-345.7195,-355.5972,-365.4749,-375.3526,-385.2303,-395.108,-380.9857,30,10,9,2,87,21,77,45,10,4,23,88,12,73,29,68,52,91,47,50,3,18,98,76,88,21,47,29,76,15,3,49,91,33,77,17,98,79,39,94,24,26.1,26.1,26.1,26.1,26.1,26.1,26.1,26.1,30.45,30.45,30.45,30.45,30.45,30.45,30.45,30.45,30.45,34.8,34.8,34.8,34.8,39.15,39.15,39.15,39.15,39.15,52.2,52.2,60.9,60.9,69.6,69.6,69.6,69.6,78.3,78.3,78.3,52.2,78.3,1.4111,0.6,0.1429,1.4111
URGENT REORDER // PO COMING,Atacama,B06X414MRB,Same As ASIN,"Hydration Backpack, Optionally with Hydration Bladder 2 Litres (Blue)",135,359.8,111.9972,25,-0.688723735,-0.035700893,31,25,202,81,1,120,510,179.6,156.5,133.4,620.3,597.2,562.2,527.2,492.2,457.2,422.2,387.2,352.2,317.2,282.2,221.808,161.416,101.024,40.632,-12.018,-64.668,-117.318,-169.968,-213.618,-257.268,-300.918,-344.568,-388.218,-418.596,-448.974,-479.352,-509.73,-536.79,-563.85,-587.75,-618.128,-641.506,-663.884,-686.262,-708.64,-731.018,-709.8624,192.6669,183.3338,174.0007,674.6676,665.3345,656.0014,646.6683,637.3352,628.0021,618.669,609.3359,600.0028,590.6697,581.3366,572.0035,562.6704,553.3373,544.0042,534.6711,525.338,516.0049,506.6718,497.3387,488.0056,478.6725,469.3394,460.0063,450.6732,441.3401,432.007,422.6739,413.3408,404.0077,394.6746,385.3415,376.0084,366.6753,357.3422,348.0091,338.676,351.7429,4,38,99,510,96,99,18,32,79,89,30,49,12,64,7,81,76,58,97,59,21,49,35,61,7,61,25,22,36,63,64,9,79,33,56,15,91,13,65,69,22.4,23.1,23.1,23.1,23.1,35,35,35,35,35,35,35,35,35,60.392,60.392,60.392,60.392,52.65,52.65,52.65,52.65,43.65,43.65,43.65,43.65,43.65,30.378,30.378,30.378,30.378,27.06,27.06,23.9,30.378,23.378,22.378,22.378,22.378,22.378,1.2444,1.3333,1.2857,1.3333
URGENT REORDER,GustoVac,B01N5KO175,Same As ASIN,Premium Vacuum Bags (100 Per Bag - 16x25 cm),45,2985,858.6648,47,-0.712340101,-1,13,13,2,91,39,2,19,-223,-463,-703,-943,-1183,-1423,-1663,-1903,-2143,-2423,-2703,-2983,-3263,-3543,-3921,-4299,-4677,-5055,-5487,-5919,-6351,-6783,-7269,-7755,-8241,-8727,-9213,-9861,-10509,-11265,-12021,-12885,-13749,-14613,-15477,-16449,-17421,-18393,-19041,-20013,-19798.2222,-69.5554,-141.1108,-212.6662,-284.2216,-355.777,-427.3324,-498.8878,-570.4432,-641.9986,-713.554,-785.1094,-856.6648,-928.2202,-999.7756,-1071.331,-1142.8864,-1214.4418,-1285.9972,-1357.5526,-1429.108,-1500.6634,-1572.2188,-1643.7742,-1715.3296,-1786.885,-1858.4404,-1929.9958,-2001.5512,-2073.1066,-2144.662,-2216.2174,-2287.7728,-2359.3282,-2430.8836,-2502.439,-2573.9944,-2645.5498,-2717.1052,-2788.6606,-2860.216,-2706.7714,65,58,59,78,26,84,87,22,96,20,78,87,25,81,70,80,52,37,42,97,68,3,64,21,45,73,93,91,40,80,90,35,95,75,60,6,15,96,13,60,225,240,240,240,240,240,240,240,240,280,280,280,280,280,378,378,378,378,432,432,432,432,486,486,486,486,486,648,648,756,756,864,864,864,864,972,972,972,648,972,10.2222,0.0667,91,10.2222
URGENT REORDER,Wellenborg,B082P5QJ3R,X001I3OD13,"Laundry Basket, 38 x 72 cm, 82 Litres, Water-repellent Premium (Dark Blue)",120,590.37,168,66,-0.715432695,0.090928926,18,32,273,57,12,216,66,238.405,185.1925,131.98,78.7675,25.555,-33.57,-92.695,-151.82,-205.0325,-252.3325,-287.8075,-317.37,-346.9325,-376.495,-448.81625,-535.40175,-621.98725,-708.57275,-780.894,-853.21525,-925.5365,-997.85775,-1059.99025,-1111.934,-1163.87775,-1215.8215,-1267.76525,-1333.97325,-1408.33225,-1482.69125,-1557.05025,-1635.48475,-1713.91925,-1792.35375,-1870.78825,-1932.92075,-1980.789,-2028.65725,-2076.5255,-2108.09175,-2074.11895,259,245,231,217,203,189,175,161,147,133,119,105,91,77,63,49,35,21,7,-7,-21,-35,-49,-63,-77,-91,-105,-119,-133,-147,-161,-175,-189,-203,-217,-231,-245,-259,-273,-287,-266.405,22,8,67,41,98,80,20,70,37,91,34,90,93,66,90,77,81,67,57,30,33,33,26,27,29,53,17,59,36,18,87,33,11,100,66,94,83,44,2,51,34.595,53.2125,53.2125,53.2125,53.2125,59.125,59.125,59.125,53.2125,47.3,35.475,29.5625,29.5625,29.5625,72.32125,86.5855,86.5855,86.5855,72.32125,72.32125,72.32125,72.32125,62.1325,51.94375,51.94375,51.94375,51.94375,66.208,74.359,74.359,74.359,78.4345,78.4345,78.4345,78.4345,62.1325,47.86825,47.86825,47.86825,31.56625,0.6222,1.8333,2,2
0,13am,B07Z9B3T11,Same As ASIN,13AM Pelvic Floor Trainer for Women Set,110,833.3,209.0676,48,-0.749108844,0.234860426,36,30,2147,47,60,2040,89,2090.3,2027.6,1945.1,1860.1,1792.1,1718.5,1644.9,1571.3,1497.7,1431.46,1372.58,1313.7,1258.5,1203.3,1112.42,1010.18,907.94,788.66,663.7,527.38,379.7,220.66,78.66,-57.66,-176.94,-296.22,-432.54,-574.54,-727.9,-903.98,-1091.42,-1278.86,-1466.3,-1653.74,-1841.18,-2017.26,-2193.34,-2358.06,-2500.06,-2630.7,-2576.4889,2129.5777,2112.1554,2094.7331,2077.3108,2059.8885,2042.4662,2025.0439,2007.6216,1990.1993,1972.777,1955.3547,1937.9324,1920.5101,1903.0878,1885.6655,1868.2432,1850.8209,1833.3986,1815.9763,1798.554,1781.1317,1763.7094,1746.2871,1728.8648,1711.4425,1694.0202,1676.5979,1659.1756,1641.7533,1624.331,1606.9087,1589.4864,1572.0641,1554.6418,1537.2195,1519.7972,1502.3749,1484.9526,1467.5303,1450.108,1489.3857,48,55,62,69,5,66,92,87,63,18,86,83,9,74,10,85,88,41,62,33,14,34,98,6,53,3,15,62,40,52,82,64,6,5,75,37,8,3,34,72,56.7,62.7,82.5,85,68,73.6,73.6,73.6,73.6,66.24,58.88,58.88,55.2,55.2,90.88,102.24,102.24,119.28,124.96,136.32,147.68,159.04,142,136.32,119.28,119.28,136.32,142,153.36,176.08,187.44,187.44,187.44,187.44,187.44,176.08,176.08,164.72,142,130.64,2.4889,1.9667,2.4286,2.4889
0,GustoVac,B01MR18M8T,Same As ASIN,Premium Vacuum Bags - Transparent (100 Per Bag - 20x30 cm),45,1197,289.3296,56,-0.758287719,-0.201676471,25,20,1281,85,24,1172,77,1188,1092,996,900,804,708,612,516,420,308,196,84,-28,-140,-392,-644,-896,-1148,-1436,-1724,-2012,-2300,-2624,-2948,-3272,-3596,-3920,-4352,-4784,-5288,-5792,-6368,-6944,-7520,-8096,-8744,-9392,-10040,-10472,-11120,-11030.4444,1256.8892,1232.7784,1208.6676,1184.5568,1160.446,1136.3352,1112.2244,1088.1136,1064.0028,1039.892,1015.7812,991.6704,967.5596,943.4488,919.338,895.2272,871.1164,847.0056,822.8948,798.784,774.6732,750.5624,726.4516,702.3408,678.23,654.1192,630.0084,605.8976,581.7868,557.676,533.5652,509.4544,485.3436,461.2328,437.122,413.0112,388.9004,364.7896,340.6788,316.568,385.4572,42,65,41,17,100,54,74,72,61,55,65,96,65,53,17,44,66,95,83,84,81,75,25,76,93,40,46,98,78,21,58,93,95,32,1,94,61,73,29,89,93,96,96,96,96,96,96,96,96,112,112,112,112,112,252,252,252,252,288,288,288,288,324,324,324,324,324,432,432,504,504,576,576,576,576,648,648,648,432,648,3.4444,3.4,2.7143,3.4444
URGENT REORDER,Atacama,B07HB6MG1R,Same As ASIN,"Carbon Hiking poles, Trekking Poles Telescopic (100 % Carbon Material)",120,1392.52,299.9976,66,-0.784564961,0.152064516,28,22,1958,1036,2,920,55,1875.8,1761.62,1647.44,1530.95,1414.46,1296.97,1179.48,1061.99,944.5,818.16,691.82,565.48,439.14,312.8,21.85,-269.1,-560.05,-851,-1141.95,-1432.9,-1723.85,-2014.8,-2250.7,-2453.7,-2656.7,-2859.7,-3062.7,-3191.2,-3319.7,-3448.2,-3576.7,-3717.95,-3859.2,-4000.45,-4141.7,-4368.2,-4594.7,-4821.2,-5047.7,-5274.2,-5195.1778,1933.0002,1908.0004,1883.0006,1858.0008,1833.001,1808.0012,1783.0014,1758.0016,1733.0018,1708.002,1683.0022,1658.0024,1633.0026,1608.0028,1583.003,1558.0032,1533.0034,1508.0036,1483.0038,1458.004,1433.0042,1408.0044,1383.0046,1358.0048,1333.005,1308.0052,1283.0054,1258.0056,1233.0058,1208.006,1183.0062,1158.0064,1133.0066,1108.0068,1083.007,1058.0072,1033.0074,1008.0076,983.0078,958.008,1015.2082,53,70,99,59,94,16,99,42,1,45,37,41,51,15,31,81,25,99,98,5,67,71,45,29,80,52,15,43,94,4,76,87,24,55,22,31,98,71,47,53,82.2,114.18,114.18,116.49,116.49,117.49,117.49,117.49,117.49,126.34,126.34,126.34,126.34,126.34,290.95,290.95,290.95,290.95,290.95,290.95,290.95,290.95,235.9,203,203,203,203,128.5,128.5,128.5,128.5,141.25,141.25,141.25,141.25,226.5,226.5,226.5,226.5,226.5,3.1778,3.1,3.5714,3.5714
URGENT REORDER,GustoVac,B09JX4V3BH,Same As ASIN,ProLine Vacuum Bags Smooth - Pack of 100 (16 x 25 cm),45,610.8,130.6704,49,-0.786066798,-0.22076771,13,13,4,36,18,4,41,-41,-90.2,-139.4,-188.6,-237.8,-287,-336.2,-385.4,-434.6,-492,-549.4,-606.8,-664.2,-721.6,-779,-836.4,-893.8,-951.2,-1016.8,-1082.4,-1148,-1213.6,-1287.4,-1361.2,-1435,-1508.8,-1582.6,-1681,-1779.4,-1894.2,-2009,-2140.2,-2271.4,-2402.6,-2533.8,-2681.4,-2829,-2976.6,-3075,-3222.6,-3179.1556,-6.8892,-17.7784,-28.6676,-39.5568,-50.446,-61.3352,-72.2244,-83.1136,-94.0028,-104.892,-115.7812,-126.6704,-137.5596,-148.4488,-159.338,-170.2272,-181.1164,-192.0056,-202.8948,-213.784,-224.6732,-235.5624,-246.4516,-257.3408,-268.23,-279.1192,-290.0084,-300.8976,-311.7868,-322.676,-333.5652,-344.4544,-355.3436,-366.2328,-377.122,-388.0112,-398.9004,-409.7896,-420.6788,-431.568,-397.4572,94,40,2,25,54,55,4,32,89,23,73,19,25,1,15,52,5,46,12,33,41,96,52,71,71,60,14,26,60,43,12,85,79,75,86,77,7,59,50,57,45,49.2,49.2,49.2,49.2,49.2,49.2,49.2,49.2,57.4,57.4,57.4,57.4,57.4,57.4,57.4,57.4,57.4,65.6,65.6,65.6,65.6,73.8,73.8,73.8,73.8,73.8,98.4,98.4,114.8,114.8,131.2,131.2,131.2,131.2,147.6,147.6,147.6,98.4,147.6,1.5556,1.4667,1.1429,1.5556
URGENT REORDER,Wellenborg,B082P53FLS,X001I3HUQX,"Laundry Basket, 38 x 72 cm, 82 Litres, Water-repellent Premium (Dark Grey)",120,1789.3578,312.0012,9,-0.825635097,0.375666667,16,31,484,263,5,216,38,379.1457,217.86345,56.5812,-104.70105,-265.9833,-445.1858,-624.3883,-803.5908,-964.87305,-1108.23505,-1215.75655,-1305.3578,-1394.95905,-1484.5603,-1702.728525,-1964.130395,-2225.532265,-2486.934135,-2705.10236,-2923.270585,-3141.43881,-3359.607035,-3546.894085,-3703.29996,-3859.705835,-4016.11171,-4172.517585,-4372.157105,-4596.501565,-4820.846025,-5045.190485,-5281.887415,-5518.584345,-5755.281275,-5991.978205,-6179.265255,-6323.31866,-6467.372065,-6611.42547,-6706.068995,-6602.114695,457.9999,431.9998,405.9997,379.9996,353.9995,327.9994,301.9993,275.9992,249.9991,223.999,197.9989,171.9988,145.9987,119.9986,93.9985,67.9984,41.9983,15.9982,-10.0019,-36.002,-62.0021,-88.0022,-114.0023,-140.0024,-166.0025,-192.0026,-218.0027,-244.0028,-270.0029,-296.003,-322.0031,-348.0032,-374.0033,-400.0034,-426.0035,-452.0036,-478.0037,-504.0038,-530.0039,-556.004,-477.1498,34,50,50,45,55,74,29,45,91,8,94,20,23,77,25,94,87,75,84,27,46,79,60,5,54,41,73,37,3,61,61,33,11,11,51,77,3,77,71,22,104.8543,161.28225,161.28225,161.28225,161.28225,179.2025,179.2025,179.2025,161.28225,143.362,107.5215,89.60125,89.60125,89.60125,218.168225,261.40187,261.40187,261.40187,218.168225,218.168225,218.168225,218.168225,187.28705,156.405875,156.405875,156.405875,156.405875,199.63952,224.34446,224.34446,224.34446,236.69693,236.69693,236.69693,236.69693,187.28705,144.053405,144.053405,144.053405,94.643525,0.9,2.7,3.7143,3.7143
URGENT REORDER,Wellenborg,B082P3YYSJ,X001I3G7NP,"Laundry Basket, 38 x 72 cm, 82 Litres, Water-repellent Premium (Light Grey)",120,1073.4,168,18,-0.843487982,0.052631579,29,32,1526,132,2,1392,13,1463.1,1366.35,1269.6,1172.85,1076.1,968.6,861.1,753.6,656.85,570.85,506.35,452.6,398.85,345.1,214.425,57.815,-98.795,-255.405,-386.08,-516.755,-647.43,-778.105,-890.255,-983.88,-1077.505,-1171.13,-1264.755,-1384.315,-1518.695,-1653.075,-1787.455,-1929.245,-2071.035,-2212.825,-2354.615,-2466.765,-2552.98,-2639.195,-2725.41,-2781.985,-2719.7183,1512,1498,1484,1470,1456,1442,1428,1414,1400,1386,1372,1358,1344,1330,1316,1302,1288,1274,1260,1246,1232,1218,1204,1190,1176,1162,1148,1134,1120,1106,1092,1078,1064,1050,1036,1022,1008,994,980,966,1014.9,60,53,62,82,96,52,79,40,6,27,70,99,37,4,48,25,68,61,17,28,62,71,23,96,7,75,32,37,14,32,12,5,65,98,3,24,6,25,85,44,62.9,96.75,96.75,96.75,96.75,107.5,107.5,107.5,96.75,86,64.5,53.75,53.75,53.75,130.675,156.61,156.61,156.61,130.675,130.675,130.675,130.675,112.15,93.625,93.625,93.625,93.625,119.56,134.38,134.38,134.38,141.79,141.79,141.79,141.79,112.15,86.215,86.215,86.215,56.575,0.6333,1.9,2,2
URGENT REORDER,Wellenborg,B07Q87P83D,X001IFXBX7,Laundry Basket Set [2] - Large Laundry Basket and Laundry Hamper (82 Litres) - Grey,120,1928.6,299.9976,38,-0.844447993,-0.273675875,18,39,670,224,74,372,30,605.4,521.4,428.9,298.4,139.4,-114.6,-368.6,-622.6,-838.6,-997.6,-1133.8,-1258.6,-1389.1,-1525.3,-1751.26,-1977.22,-2203.18,-2429.14,-2655.1,-2881.06,-3097.36,-3297.56,-3481.66,-3649.66,-3801.56,-3937.36,-4089.26,-4273.36,-4473.56,-4722.06,-5002.76,-5267.36,-5515.86,-5716.06,-5884.06,-6035.96,-6171.76,-6307.56,-6443.36,-6563.06,-6498.9933,645.0002,620.0004,595.0006,570.0008,545.001,520.0012,495.0014,470.0016,445.0018,420.002,395.0022,370.0024,345.0026,320.0028,295.003,270.0032,245.0034,220.0036,195.0038,170.004,145.0042,120.0044,95.0046,70.0048,45.005,20.0052,-4.9946,-29.9944,-54.9942,-79.994,-104.9938,-129.9936,-154.9934,-179.9932,-204.993,-229.9928,-254.9926,-279.9924,-304.9922,-329.992,-290.3918,91,19,37,36,55,57,21,68,19,14,69,19,77,34,4,80,78,36,64,35,37,35,3,91,15,80,96,2,16,95,72,30,68,7,79,21,44,40,38,2,64.6,84,92.5,130.5,159,254,254,254,216,159,136.2,124.8,130.5,136.2,225.96,225.96,225.96,225.96,225.96,225.96,216.3,200.2,184.1,168,151.9,135.8,151.9,184.1,200.2,248.5,280.7,264.6,248.5,200.2,168,151.9,135.8,135.8,135.8,119.7,0.5333,1.0333,3.5714,3.5714
REORDER,Atacama,B09N6XLHZS,Same As ASIN,Telescopic Poles (Aluminium Alloy Material) - 3K Carbon and 7075 Aluminium (3K ALU),120,706.15,91.4676,64,-0.870470013,-0.610308154,32,28,1141,61,60,1080,1000,1099.5,1043.0625,986.625,930.1875,873.75,816,758.25,700.5,642.75,1573.45,1504.15,1434.85,1365.55,1296.25,1080.482,864.714,640.146,397.978,112.358,-190.862,-494.082,-797.302,-1058.562,-1319.822,-1581.082,-1842.342,-2103.602,-2321.41,-2530.418,-2730.626,-2926.434,-3103.226,-3280.018,-3461.21,-3646.802,-3849.994,-4053.186,-4256.378,-4459.57,-4662.762,-4622.3509,1133.3777,1125.7554,1118.1331,1110.5108,1102.8885,1095.2662,1087.6439,1080.0216,1072.3993,2064.777,2057.1547,2049.5324,2041.9101,2034.2878,2026.6655,2019.0432,2011.4209,2003.7986,1996.1763,1988.554,1980.9317,1973.3094,1965.6871,1958.0648,1950.4425,1942.8202,1935.1979,1927.5756,1919.9533,1912.331,1904.7087,1897.0864,1889.4641,1881.8418,1874.2195,1866.5972,1858.9749,1851.3526,1843.7303,1836.108,1869.9857,55,59,28,44,67,92,48,28,44,1000,58,62,42,29,4,63,77,45,44,23,11,73,45,11,42,56,100,38,35,87,11,36,12,63,10,24,49,52,84,95,41.5,56.4375,56.4375,56.4375,56.4375,57.75,57.75,57.75,57.75,69.3,69.3,69.3,69.3,69.3,215.768,215.768,224.568,242.168,285.62,303.22,303.22,303.22,261.26,261.26,261.26,261.26,261.26,217.808,209.008,200.208,195.808,176.792,176.792,181.192,185.592,203.192,203.192,203.192,203.192,203.192,1.0889,0.3667,0.1429,1.0889
URGENT REORDER,GustoVac,B07HNG678Z,Same As ASIN,Premium Vacuum Bags 2 Rolls (20x600 cm),45,568.8,53.1972,86,-0.906474684,1.14248219,13,17,20,10,39,10,30,-24.4,-70,-115.6,-161.2,-206.8,-252.4,-298,-343.6,-389.2,-442.4,-495.6,-548.8,-602,-655.2,-708.4,-761.6,-814.8,-868,-928.8,-989.6,-1050.4,-1111.2,-1179.6,-1248,-1316.4,-1384.8,-1453.2,-1544.4,-1635.6,-1742,-1848.4,-1970,-2091.6,-2213.2,-2334.8,-2471.6,-2608.4,-2745.2,-2836.4,-2973.2,-2929.4333,15.5669,11.1338,6.7007,2.2676,-2.1655,-6.5986,-11.0317,-15.4648,-19.8979,-24.331,-28.7641,-33.1972,-37.6303,-42.0634,-46.4965,-50.9296,-55.3627,-59.7958,-64.2289,-68.662,-73.0951,-77.5282,-81.9613,-86.3944,-90.8275,-95.2606,-99.6937,-104.1268,-108.5599,-112.993,-117.4261,-121.8592,-126.2923,-130.7254,-135.1585,-139.5916,-144.0247,-148.4578,-152.8909,-157.324,-117.3571,94,15,8,40,69,47,63,17,60,78,79,8,90,31,59,35,67,89,67,81,14,28,23,30,3,67,79,89,80,98,37,44,42,27,62,47,10,38,59,12,44.4,45.6,45.6,45.6,45.6,45.6,45.6,45.6,45.6,53.2,53.2,53.2,53.2,53.2,53.2,53.2,53.2,53.2,60.8,60.8,60.8,60.8,68.4,68.4,68.4,68.4,68.4,91.2,91.2,106.4,106.4,121.6,121.6,121.6,121.6,136.8,136.8,136.8,91.2,136.8,0.6333,0.2667,0.5714,0.6333
URGENT REORDER,GustoVac,B071KZZHKK,Same As ASIN,Premium Vacuum bags - 100 pcs. 15x30 cm,45,1575.9,96.1296,99,-0.93900019,0.035725,13,13,3,21,6,3,39,-117,-243.6,-370.2,-496.8,-623.4,-750,-876.6,-1003.2,-1129.8,-1277.5,-1425.2,-1572.9,-1720.6,-1868.3,-2100,-2331.7,-2563.4,-2795.1,-3059.9,-3324.7,-3589.5,-3854.3,-4152.2,-4450.1,-4748,-5045.9,-5343.8,-5741,-6138.2,-6601.6,-7065,-7594.6,-8124.2,-8653.8,-9183.4,-9779.2,-10375,-10970.8,-11368,-11963.8,-11844.9444,-5.0108,-13.0216,-21.0324,-29.0432,-37.054,-45.0648,-53.0756,-61.0864,-69.0972,-77.108,-85.1188,-93.1296,-101.1404,-109.1512,-117.162,-125.1728,-133.1836,-141.1944,-149.2052,-157.216,-165.2268,-173.2376,-181.2484,-189.2592,-197.27,-205.2808,-213.2916,-221.3024,-229.3132,-237.324,-245.3348,-253.3456,-261.3564,-269.3672,-277.378,-285.3888,-293.3996,-301.4104,-309.4212,-317.432,-205.4428,53,64,24,12,28,100,4,92,59,25,19,84,42,56,82,100,2,70,66,57,38,12,78,7,82,51,80,42,2,80,98,5,61,21,40,97,20,17,67,12,120,126.6,126.6,126.6,126.6,126.6,126.6,126.6,126.6,147.7,147.7,147.7,147.7,147.7,231.7,231.7,231.7,231.7,264.8,264.8,264.8,264.8,297.9,297.9,297.9,297.9,297.9,397.2,397.2,463.4,463.4,529.6,529.6,529.6,529.6,595.8,595.8,595.8,397.2,595.8,1.1444,98,78,1.1444
URGENT REORDER,GustoVac,B01N6LXHSX,Same As ASIN,Vacuum Rollers - 2 Rolls 30 x 600 cm,45,261.3,15.8676,79,-0.939274397,-0.108203458,13,13,1,76,74,1,12,-18.8,-39.8,-60.8,-81.8,-102.8,-123.8,-144.8,-165.8,-186.8,-211.3,-235.8,-260.3,-284.8,-309.3,-333.8,-358.3,-382.8,-407.3,-435.3,-463.3,-491.3,-519.3,-550.8,-582.3,-613.8,-645.3,-676.8,-718.8,-760.8,-809.8,-858.8,-914.8,-970.8,-1026.8,-1082.8,-1145.8,-1208.8,-1271.8,-1313.8,-1376.8,-1357.1889,-0.3223,-1.6446,-2.9669,-4.2892,-5.6115,-6.9338,-8.2561,-9.5784,-10.9007,-12.223,-13.5453,-14.8676,-16.1899,-17.5122,-18.8345,-20.1568,-21.4791,-22.8014,-24.1237,-25.446,-26.7683,-28.0906,-29.4129,-30.7352,-32.0575,-33.3798,-34.7021,-36.0244,-37.3467,-38.669,-39.9913,-41.3136,-42.6359,-43.9582,-45.2805,-46.6028,-47.9251,-49.2474,-50.5697,-51.892,-33.4143,43,69,45,81,14,81,29,87,94,5,7,66,32,19,42,88,94,10,100,80,76,88,47,42,52,85,90,58,67,40,43,94,73,70,84,71,75,89,53,79,19.8,21,21,21,21,21,21,21,21,24.5,24.5,24.5,24.5,24.5,24.5,24.5,24.5,24.5,28,28,28,28,31.5,31.5,31.5,31.5,31.5,42,42,49,49,56,56,56,56,63,63,63,42,63,0.1889,96,13,0.1889
URGENT REORDER,Atacama,B08SHRD7RW,Same As ASIN,Hiking Poles Trekking Poles Telescopic Lightweight (EVA Material),120,1668.34,68.1324,49,-0.959161562,-0.28575,23,19,1419,58,1,1360,52,1343.4,1246.2,1132.8,1019.4,906,792.6,679.2,565.8,386.9,174.82,-37.26,-249.34,-461.42,-673.5,-1011.7,-1349.9,-1688.1,-2026.3,-2412.38,-2798.46,-3184.54,-3570.62,-3873.9,-4177.18,-4480.46,-4783.74,-5087.02,-5321.46,-5555.9,-5790.34,-6024.78,-6195.38,-6365.98,-6536.58,-6707.18,-6897.78,-7088.38,-7278.98,-7469.58,-7660.18,-7585.3911,1413.3223,1407.6446,1401.9669,1396.2892,1390.6115,1384.9338,1379.2561,1373.5784,1367.9007,1362.223,1356.5453,1350.8676,1345.1899,1339.5122,1333.8345,1328.1568,1322.4791,1316.8014,1311.1237,1305.446,1299.7683,1294.0906,1288.4129,1282.7352,1277.0575,1271.3798,1265.7021,1260.0244,1254.3467,1248.669,1242.9913,1237.3136,1231.6359,1225.9582,1220.2805,1214.6028,1208.9251,1203.2474,1197.5697,1191.892,1261.8143,69,51,54,94,59,20,51,16,84,88,3,49,70,58,66,27,51,78,7,3,24,95,11,80,16,99,83,12,44,8,19,45,100,91,1,99,93,36,29,73,75.6,97.2,113.4,113.4,113.4,113.4,113.4,113.4,178.9,212.08,212.08,212.08,212.08,212.08,338.2,338.2,338.2,338.2,386.08,386.08,386.08,386.08,303.28,303.28,303.28,303.28,303.28,234.44,234.44,234.44,234.44,170.6,170.6,170.6,170.6,190.6,190.6,190.6,190.6,190.6,0.8111,0.4,0.2857,0.8111
URGENT REORDER // PO COMING,Atacama,B07T73SKX3,Same As ASIN,Chalk Bag Robust Magnesium Bag for Climibing (Yellow),135,476.8,4.6704,44,-0.990204698,-0.172416647,28,23,200,97,43,200,500,173.2,144.4,115.6,586.8,558,516,474,432,390,334.4,278.8,223.2,167.6,112,33.5,-45,-123.5,-202,-280.5,-359,-451,-543,-643.5,-744,-845.5,-947,-1048.5,-1147,-1245.5,-1344,-1442.5,-1574,-1705.5,-1837,-1968.5,-2094.9,-2221.3,-2332.7,-2420.3,-2508.1,-2481.3556,199.6108,199.2216,198.8324,698.4432,698.054,697.6648,697.2756,696.8864,696.4972,696.108,695.7188,695.3296,694.9404,694.5512,694.162,693.7728,693.3836,692.9944,692.6052,692.216,691.8268,691.4376,691.0484,690.6592,690.27,689.8808,689.4916,689.1024,688.7132,688.324,687.9348,687.5456,687.1564,686.7672,686.378,685.9888,685.5996,685.2104,684.8212,684.432,710.8428,76,35,97,500,16,6,78,4,11,58,75,99,80,63,30,64,6,29,1,55,39,40,94,5,22,53,92,2,37,81,95,43,32,29,98,65,1,85,83,37,26.8,28.8,28.8,28.8,28.8,42,42,42,42,55.6,55.6,55.6,55.6,55.6,78.5,78.5,78.5,78.5,78.5,78.5,92,92,100.5,100.5,101.5,101.5,101.5,98.5,98.5,98.5,98.5,131.5,131.5,131.5,131.5,126.4,126.4,111.4,87.6,87.8,0.0556,100,58,0.0556
0,Lilienfeldt,B07F3LCQC3,Same As ASIN,Foot Massage Roller Made of Wood,95,570.88,2.7972,31,-0.995100196,-1,40,9,1306,10,85,1296,77,1261.2,1213.2,1165.2,1114.8,1064.4,1014,966.96,919.92,876.24,829.2,782.16,735.12,688.08,637.68,580.56,523.44,466.32,409.2,358.8,308.4,258,212.64,170.64,128.64,91.68,51.36,14.4,-22.56,-59.52,-96.48,-136.8,-178.8,-229.2,-279.6,-336.72,-412.32,-476.16,-536.64,-587.04,-634.08,-589.2911,1305.7669,1305.5338,1305.3007,1305.0676,1304.8345,1304.6014,1304.3683,1304.1352,1303.9021,1303.669,1303.4359,1303.2028,1302.9697,1302.7366,1302.5035,1302.2704,1302.0373,1301.8042,1301.5711,1301.338,1301.1049,1300.8718,1300.6387,1300.4056,1300.1725,1299.9394,1299.7063,1299.4732,1299.2401,1299.007,1298.7739,1298.5408,1298.3077,1298.0746,1297.8415,1297.6084,1297.3753,1297.1422,1296.9091,1296.676,1341.2429,42,17,62,18,87,62,55,27,21,23,17,27,7,67,65,51,83,54,53,89,74,70,61,52,68,6,21,81,48,70,90,93,90,26,69,3,80,92,19,23,44.8,48,48,50.4,50.4,50.4,47.04,47.04,43.68,47.04,47.04,47.04,47.04,50.4,57.12,57.12,57.12,57.12,50.4,50.4,50.4,45.36,42,42,36.96,40.32,36.96,36.96,36.96,36.96,40.32,42,50.4,50.4,57.12,75.6,63.84,60.48,50.4,47.04,0.0111,0.0333,64,0.0333
0,HENNEZ,B08R8HX27D,X001AK24MJ,Toilet Roll Holder Black Matt Vintage,95,1373,22,69,-1,0.152064516,43,19,3840,79,94,3840,55,3736.5,3628.5,3520.5,3412.5,3304.5,3179.5,3054.5,2929.5,2804.5,2692,2579.5,2467,2354.5,2242,2120.5,1999,1877.5,1756,1621,1486,1351,1216,1081,946,811,676,541,392.5,244,95.5,-53,-228.5,-404,-579.5,-755,-930.5,-1106,-1281.5,-1403,-1578.5,-1475,3840,3840,3840,3840,3840,3840,3840,3840,3840,3840,3840,3840,3840,3840,3840,3840,3840,3840,3840,3840,3840,3840,3840,3840,3840,3840,3840,3840,3840,3840,3840,3840,3840,3840,3840,3840,3840,3840,3840,3840,3943.5,48,97,47,68,77,10,37,74,97,23,38,36,65,42,25,62,8,57,19,25,85,78,60,27,17,72,23,47,24,43,67,76,31,25,17,35,12,91,90,72,103.5,108,108,108,108,125,125,125,125,112.5,112.5,112.5,112.5,112.5,121.5,121.5,121.5,121.5,135,135,135,135,135,135,135,135,135,148.5,148.5,148.5,148.5,175.5,175.5,175.5,175.5,175.5,175.5,175.5,121.5,175.5,72,95,87,17
0,HENNEZ,B091PSCHXZ,X001CK63C9,Toilet Paper Holder No Drilling - Black Round Ring (4.5 cm) Vintage,100,1373,94,14,-1,0.052631579,43,20,3800,71,89,3800,35,3696.5,3588.5,3480.5,3372.5,3264.5,3139.5,3014.5,2889.5,2764.5,2652,2539.5,2427,2314.5,2202,2080.5,1959,1837.5,1716,1581,1446,1311,1176,1041,906,771,636,501,352.5,204,55.5,-93,-268.5,-444,-619.5,-795,-970.5,-1146,-1321.5,-1443,-1618.5,-1515,3800,3800,3800,3800,3800,3800,3800,3800,3800,3800,3800,3800,3800,3800,3800,3800,3800,3800,3800,3800,3800,3800,3800,3800,3800,3800,3800,3800,3800,3800,3800,3800,3800,3800,3800,3800,3800,3800,3800,3800,3903.5,24,65,39,19,45,99,100,58,46,100,18,19,56,23,59,96,46,52,15,36,73,47,46,51,35,28,24,20,26,46,44,17,17,21,7,14,50,40,92,50,103.5,108,108,108,108,125,125,125,125,112.5,112.5,112.5,112.5,112.5,121.5,121.5,121.5,121.5,135,135,135,135,135,135,135,135,135,148.5,148.5,148.5,148.5,175.5,175.5,175.5,175.5,175.5,175.5,175.5,121.5,175.5,70,12,11,58
0,Lilienfeldt,B08BKR29HK,Same As ASIN,Table Broom with Dustpan,120,519.1,84,14,-1,-0.058053785,47,7,1440,15,13,1440,5,1440,1392.15,1344.3,1296.45,1248.6,1208,1167.4,1126.8,1078.95,1023.85,968.75,920.9,880.3,846.95,813.6,783.15,757.05,723.7,683.1,635.25,580.15,525.05,469.95,414.85,359.75,304.65,255.35,214.75,181.4,155.3,121.95,81.35,40.75,0.15,-47.7,-110.05,-165.15,-213,-253.6,-294.2,-294.2,1440,1440,1440,1440,1440,1440,1440,1440,1440,1440,1440,1440,1440,1440,1440,1440,1440,1440,1440,1440,1440,1440,1440,1440,1440,1440,1440,1440,1440,1440,1440,1440,1440,1440,1440,1440,1440,1440,1440,1440,1440,41,84,40,16,38,100,64,70,73,4,72,88,79,60,68,37,89,27,53,64,38,66,59,87,36,79,19,77,42,99,71,1,45,17,42,23,99,87,99,75,49,47.85,47.85,47.85,47.85,40.6,40.6,40.6,47.85,55.1,55.1,47.85,40.6,33.35,33.35,30.45,26.1,33.35,40.6,47.85,55.1,55.1,55.1,55.1,55.1,55.1,49.3,40.6,33.35,26.1,33.35,40.6,40.6,40.6,47.85,62.35,55.1,47.85,40.6,40.6,3,50,10,62
